ra_obj,dec_obj,sun_dist,geo_dist,dist_ctr,phase,vmag,match,ra,dec,filefracday,field,ccdid,qid,rcid,fid,filtercode,pid,nid,expid,itid,imgtypecode,obsdate,obsjd,id
251.639992,-24.58068,5.8995,6.5231,0.3937,7.1802,17.78,1,252.021,-24.768,20171019091354,279,6,1,20,2,zr,291091352015,291,29109135,1,o,2017-10-19 02:11:33,2458045.5913542,0
31.274713,-18.024972,4.7998,4.4651,0.4316,11.8812,16.74,1,31.428,-18.432,20210730424144,298,6,4,23,1,zg,1671424142315,1671,167142414,1,o,2021-07-30 10:10:46.928,2459425.9241435,1
31.469621,-18.17764,4.797,4.4241,0.2542,11.7572,16.72,1,31.426,-18.429,20210802439977,298,6,4,23,1,zg,1674439972315,1674,167443997,1,o,2021-08-02 10:33:34.737,2459428.9399769,2
31.584276,-18.286458,4.7951,4.3968,0.2038,11.6615,16.7,1,31.430,-18.429,20210804470474,298,6,4,23,1,zg,1676470482315,1676,167647048,1,o,2021-08-04 11:17:30.119,2459430.9704861,3
31.842008,-18.632192,4.7896,4.3186,0.4531,11.3243,16.64,1,31.423,-18.415,20210810438854,298,6,4,23,1,zg,1682438852315,1682,168243885,1,o,2021-08-10 10:31:57.696,2459436.9388542,4
31.894137,-19.77339,4.7742,4.1187,0.5216,9.9448,16.46,1,31.441,-19.473,20210827410336,298,2,1,4,3,zi,1699410340415,1699,169941034,1,o,2021-08-27 09:50:54.424,2459453.9103472,5
31.893386,-19.775166,4.7742,4.1185,0.5219,9.9423,16.46,1,31.443,-19.472,20210827434942,298,2,1,4,1,zg,1699434980415,1699,169943498,1,o,2021-08-27 10:26:23.691,2459453.9349884,6
31.892502,-19.77723,4.7741,4.1182,0.5256,9.9395,16.46,1,31.441,-19.469,20210827463704,298,2,1,4,2,zr,1699463700415,1699,169946370,1,o,2021-08-27 11:07:44.533,2459453.9637037,7
31.865391,-19.844264,4.7733,4.1084,0.5414,9.8484,16.45,1,31.444,-19.476,20210828397442,298,2,1,4,1,zg,1700397450415,1700,170039745,1,o,2021-08-28 09:32:20.198,2459454.8974537,8
31.864815,-19.84549,4.7733,4.1082,0.5411,9.8467,16.45,1,31.447,-19.475,20210828414375,298,2,1,4,1,zg,1700414380415,1700,170041438,1,o,2021-08-28 09:56:43.306,2459454.9143866,9
31.713467,-20.131991,4.7697,4.0682,0.3235,9.446,16.41,1,31.448,-20.339,20210901379028,298,2,4,7,2,zr,1704379030715,1704,170437903,1,o,2021-09-01 09:05:49.280,2459458.8790394,10
31.665071,-20.206171,4.7688,4.0584,0.2421,9.3394,16.4,1,31.447,-20.336,20210902402454,298,2,4,7,3,zi,1705402450715,1705,170540245,1,o,2021-09-02 09:39:32.635,2459459.9024537,11
31.664184,-20.207406,4.7688,4.0582,0.2396,9.3376,16.4,1,31.447,-20.335,20210902419410,298,2,4,7,1,zg,1705419400715,1705,170541940,1,o,2021-09-02 10:03:57.873,2459459.9194097,12
31.66193,-20.210522,4.7687,4.0578,0.2353,9.333,16.4,1,31.447,-20.333,20210902462326,298,2,4,7,2,zr,1705462320715,1705,170546232,1,o,2021-09-02 11:05:45.904,2459459.9623264,13
31.613382,-20.279694,4.7679,4.0488,0.161,9.2328,16.39,1,31.453,-20.337,20210903417257,298,2,4,7,1,zg,1706417300715,1706,170641730,1,o,2021-09-03 10:00:55.429,2459460.9173032,14
31.613329,-20.279762,4.7679,4.0487,0.1615,9.2327,16.39,1,31.452,-20.337,20210903418241,298,2,4,7,1,zg,1706418240715,1706,170641824,1,o,2021-09-03 10:02:16.652,2459460.9182407,15
31.612703,-20.280575,4.7679,4.0486,0.2217,9.2314,16.39,1,31.483,-20.096,20210903429421,1291,12,4,47,1,zg,1706429424715,1706,170642942,1,o,2021-09-03 10:18:22.738,2459460.9294213,16
31.612676,-20.280609,4.7679,4.0486,0.2216,9.2314,16.39,1,31.484,-20.096,20210903429884,1291,12,4,47,1,zg,1706429894715,1706,170642989,1,o,2021-09-03 10:19:03.586,2459460.9298958,17
31.609883,-20.28421,4.7678,4.0482,0.1528,9.226,16.39,1,31.456,-20.335,20210903479595,298,2,4,7,2,zr,1706479590715,1706,170647959,1,o,2021-09-03 11:30:37.809,2459460.9795949,18
31.557669,-20.353531,4.767,4.0393,0.1018,9.1246,16.38,1,31.451,-20.336,20210904437720,298,2,4,7,1,zg,1707437730715,1707,170743773,1,o,2021-09-04 10:30:20.325,2459461.9377315,19
31.500829,-20.424262,4.7661,4.0304,0.097,9.0202,16.37,1,31.452,-20.339,20210905417303,298,2,4,7,2,zr,1708417310715,1708,170841731,1,o,2021-09-05 10:00:56.850,2459462.9173148,20
31.498429,-20.427004,4.7661,4.0301,0.1002,9.016,16.37,1,31.452,-20.338,20210905455243,298,2,4,7,3,zi,1708455250715,1708,170845525,1,o,2021-09-05 10:55:34.190,2459462.9552546,21
31.497992,-20.4275,4.7661,4.03,0.1027,9.0152,16.37,1,31.448,-20.337,20210905462141,298,2,4,7,1,zg,1708462140715,1708,170846214,1,o,2021-09-05 11:05:29.575,2459462.9621412,22
31.440542,-20.494848,4.7652,4.0217,0.1631,8.9151,16.36,1,31.450,-20.333,20210906397627,298,2,4,7,2,zr,1709397620715,1709,170939762,1,o,2021-09-06 09:32:35.782,2459463.8976273,23
31.440479,-20.494916,4.7652,4.0217,0.1633,8.915,16.36,1,31.451,-20.333,20210906398565,298,2,4,7,2,zr,1709398570715,1709,170939857,1,o,2021-09-06 09:33:57.103,2459463.8985764,24
31.438936,-20.496588,4.7652,4.0215,0.1661,8.9124,16.36,1,31.448,-20.331,20210906421725,298,2,4,7,1,zg,1709421730715,1709,170942173,1,o,2021-09-06 10:07:18.095,2459463.9217361,25
31.436261,-20.499468,4.7652,4.0211,0.4402,8.908,16.36,1,31.301,-20.922,20210906461759,249,14,2,53,2,zr,1709461755315,1709,170946175,1,o,2021-09-06 11:04:56.973,2459463.9617593,26
31.30836,-20.636659,4.7635,4.0047,0.328,8.7013,16.34,1,31.454,-20.339,20210908378692,298,2,4,7,3,zi,1711378690715,1711,171137869,1,o,2021-09-08 09:05:19.964,2459465.8786921,27
31.306868,-20.638115,4.7634,4.0045,0.3304,8.6991,16.34,1,31.452,-20.338,20210908399005,298,2,4,7,1,zg,1711399000715,1711,171139900,1,o,2021-09-08 09:34:34.960,2459465.8990046,28
31.30567,-20.639279,4.7634,4.0044,0.2901,8.6973,16.34,1,31.299,-20.930,20210908415266,249,14,2,53,1,zg,1711415285315,1711,171141528,1,o,2021-09-08 09:58:01.626,2459465.9152894,29
31.302301,-20.642532,4.7634,4.004,0.2841,8.6922,16.34,1,31.301,-20.927,20210908460926,249,14,2,53,2,zr,1711460925315,1711,171146092,1,o,2021-09-08 11:03:44.694,2459465.9609259,30
31.302162,-20.642667,4.7634,4.004,0.3377,8.692,16.34,1,31.451,-20.336,20210908462812,298,2,4,7,2,zr,1711462810715,1711,171146281,1,o,2021-09-08 11:06:27.999,2459465.9628125,31
31.159639,-20.779586,4.7617,3.9881,0.1962,8.4827,16.31,1,31.296,-20.929,20210910397060,249,14,2,53,2,zr,1713397065315,1713,171339706,1,o,2021-09-10 09:31:46.835,2459467.8970602,32
31.157864,-20.781142,4.7616,3.988,0.1973,8.4802,16.31,1,31.300,-20.928,20210910419109,249,14,2,53,1,zg,1713419105315,1713,171341910,1,o,2021-09-10 10:03:31.636,2459467.9191088,33
31.08378,-20.847207,4.7608,3.9805,0.4674,8.3784,16.3,1,31.466,-21.150,20210911362269,1291,8,1,28,2,zr,1714362262815,1714,171436226,1,o,2021-09-11 08:41:40.921,2459468.8622685,34
31.083741,-20.84724,4.7608,3.9805,0.4674,8.3783,16.3,1,31.466,-21.150,20210911362743,1291,8,1,28,2,zr,1714362742815,1714,171436274,1,o,2021-09-11 08:42:21.770,2459468.8627431,35
31.075953,-20.853742,4.7607,3.9798,0.4674,8.368,16.3,1,31.466,-21.147,20210911455637,1291,8,1,28,1,zg,1714455642815,1714,171445564,1,o,2021-09-11 10:56:08.390,2459468.9556481,36
31.075913,-20.853775,4.7607,3.9798,0.4675,8.368,16.3,1,31.466,-21.147,20210911456111,1291,8,1,28,1,zg,1714456122815,1714,171445612,1,o,2021-09-11 10:56:49.204,2459468.9561227,37
30.998776,-20.919132,4.7599,3.9726,0.2794,8.2667,16.29,1,31.298,-20.929,20210912397025,249,14,2,53,2,zr,1715397035315,1715,171539703,1,o,2021-09-12 09:31:44.023,2459469.897037,38
30.910647,-20.99006,4.759,3.9649,0.3782,8.156,16.28,1,30.535,-21.134,20210913427396,1291,8,2,29,2,zr,1716427392915,1716,171642739,1,o,2021-09-13 10:15:27.484,2459470.9273958,39
30.910605,-20.990092,4.759,3.9649,0.3782,8.156,16.28,1,30.535,-21.134,20210913427859,1291,8,2,29,2,zr,1716427872915,1716,171642787,1,o,2021-09-13 10:16:08.093,2459470.9278704,40
30.908126,-20.991963,4.7589,3.9647,0.3649,8.153,16.28,1,30.548,-21.134,20210913454595,1291,8,2,29,1,zg,1716455212915,1716,171645521,1,o,2021-09-13 10:55:31.220,2459470.9552199,41
30.908084,-20.991994,4.7589,3.9647,0.3649,8.1529,16.28,1,30.548,-21.134,20210913455683,1291,8,2,29,1,zg,1716455682915,1716,171645568,1,o,2021-09-13 10:56:11.801,2459470.9556829,42
30.632232,-21.193879,4.7563,3.9437,0.1087,7.8362,16.25,1,30.538,-21.130,20210916455023,1291,8,2,29,2,zr,1719455022915,1719,171945502,1,o,2021-09-16 10:55:14.876,2459473.9550231,43
30.632184,-21.19391,4.7563,3.9437,0.1082,7.8361,16.25,1,30.539,-21.130,20210916455498,1291,8,2,29,2,zr,1719455492915,1719,171945549,1,o,2021-09-16 10:55:55.473,2459473.9554977,44
30.632137,-21.193941,4.7563,3.9437,0.4054,7.8361,16.25,1,30.205,-21.118,20210916455961,1290,5,1,16,2,zr,1719455971615,1719,171945597,1,o,2021-09-16 10:56:36.107,2459473.9559722,45
30.632091,-21.193972,4.7563,3.9437,0.4054,7.836,16.25,1,30.205,-21.118,20210916456435,1290,5,1,16,2,zr,1719456431615,1719,171945643,1,o,2021-09-16 10:57:16.686,2459473.9564352,46
30.542147,-21.254359,4.7555,3.9377,0.4332,7.7413,16.24,1,30.239,-20.927,20210917375718,249,15,1,56,1,zg,1720376285615,1720,172037628,1,o,2021-09-17 09:01:51.589,2459474.8762847,47
30.339592,-21.381453,4.7537,3.9254,0.2942,7.5417,16.23,1,30.200,-21.118,20210919354225,1290,5,1,16,2,zr,1722354231615,1722,172235423,1,o,2021-09-19 08:30:06.437,2459476.8542361,48
30.333776,-21.384844,4.7537,3.9251,0.32,7.5363,16.23,1,30.547,-21.135,20210919407639,1291,8,2,29,2,zr,1722407662915,1722,172240766,1,o,2021-09-19 09:47:02.950,2459476.907662,49
30.333724,-21.384874,4.7537,3.9251,0.3201,7.5362,16.23,1,30.547,-21.135,20210919408137,1291,8,2,29,2,zr,1722408132915,1722,172240813,1,o,2021-09-19 09:47:43.528,2459476.9081366,50
30.333673,-21.384904,4.7537,3.9251,0.2871,7.5362,16.23,1,30.215,-21.120,20210919408600,1290,5,1,16,2,zr,1722408611615,1722,172240861,1,o,2021-09-19 09:48:24.117,2459476.9086111,51
30.328088,-21.388131,4.7536,3.9248,0.4153,7.531,16.23,1,30.242,-21.796,20210919459653,249,15,4,59,1,zg,1722459815915,1722,172245981,1,o,2021-09-19 11:02:08.494,2459476.9598148,52
30.120628,-21.507086,4.752,3.9138,0.3024,7.3458,16.21,1,30.230,-21.793,20210921375602,249,15,4,59,1,zg,1724375785915,1724,172437578,1,o,2021-09-21 09:01:08.526,2459478.875787,53
30.008807,-21.567115,4.7511,3.9084,0.4662,7.2531,16.2,1,30.232,-21.985,20210922369676,1290,5,4,19,2,zr,1725369671915,1725,172536967,1,o,2021-09-22 08:52:20.575,2459479.8696759,54
30.008751,-21.567143,4.7511,3.9084,0.466,7.2531,16.2,1,30.232,-21.985,20210922370150,1290,5,4,19,2,zr,1725370151915,1725,172537015,1,o,2021-09-22 08:53:01.439,2459479.8701505,55
29.89273,-21.626683,4.7502,3.9032,0.3536,7.162,16.19,1,30.238,-21.777,20210923376505,249,15,4,59,1,zg,1726376505915,1726,172637650,1,o,2021-09-23 09:02:10.945,2459480.8765046,56
29.883552,-21.63114,4.7501,3.9028,0.3573,7.155,16.19,1,30.235,-21.777,20210923452847,249,15,4,59,2,zr,1726452845915,1726,172645284,1,o,2021-09-23 10:52:06.724,2459480.9528472,57
29.411524,-21.847371,4.7467,3.8852,0.1903,6.8366,16.16,1,29.289,-22.001,20210927331331,1290,5,3,18,2,zr,1730331331815,1730,173033133,1,o,2021-09-27 07:57:07.811,2459484.831331,58
29.411462,-21.847397,4.7467,3.8852,0.1901,6.8365,16.16,1,29.289,-22.001,20210927331806,1290,5,3,18,2,zr,1730331801815,1730,173033180,1,o,2021-09-27 07:57:48.517,2459484.8318056,59
29.276631,-21.902295,4.7458,3.881,0.1185,6.7598,16.15,1,29.306,-21.788,20210928384919,249,15,3,58,2,zr,1731384915815,1731,173138491,1,o,2021-09-28 09:14:17.963,2459485.884919,60
29.276505,-21.902343,4.7458,3.881,0.0968,6.7597,16.15,1,29.291,-21.999,20210928385868,1290,5,3,18,2,zr,1731385861815,1731,173138586,1,o,2021-09-28 09:15:39.876,2459485.8858681,61
29.276442,-21.902368,4.7458,3.881,0.0969,6.7597,16.15,1,29.291,-21.999,20210928386343,1290,5,3,18,2,zr,1731386341815,1731,173138634,1,o,2021-09-28 09:16:20.479,2459485.8863426,62
29.01921,-21.999782,4.7441,3.874,0.2512,6.6303,16.14,1,29.290,-21.998,20210930346910,1290,5,3,18,2,zr,1733346921815,1733,173334692,1,o,2021-09-30 08:19:34.416,2459487.8469213,63
29.019145,-21.999805,4.7441,3.874,0.2514,6.6303,16.14,1,29.290,-21.998,20210930347384,1290,5,3,18,2,zr,1733347391815,1733,173334739,1,o,2021-09-30 08:20:15.166,2459487.8473958,64
28.878078,-22.049195,4.7432,3.8707,0.4794,6.5685,16.14,1,29.310,-21.787,20211001394896,249,15,3,58,1,zg,1734394905815,1734,173439490,1,o,2021-10-01 09:28:40.568,2459488.8949074,65
28.874683,-22.050317,4.7432,3.8706,0.4797,6.5671,16.14,1,29.306,-21.786,20211001419294,249,15,3,58,2,zr,1734419305815,1734,173441930,1,o,2021-10-01 10:03:48.165,2459488.9193056,66
28.468152,-22.178128,4.7406,3.8628,0.4569,6.4256,16.12,1,28.238,-21.775,20211004356736,249,16,4,63,1,zg,1737356736315,1737,173735673,1,o,2021-10-04 08:33:42.681,2459491.8567361,67
26.984827,-22.480831,4.732,3.8532,0.3258,6.334,16.11,1,26.861,-22.786,20211014375799,248,9,1,32,2,zr,1747376593215,1747,174737659,1,o,2021-10-14 09:02:18.319,2459501.8765972,68
26.981572,-22.481216,4.732,3.8532,0.4169,6.3344,16.11,1,27.277,-22.797,20211014397245,249,12,2,45,1,zg,1747397404515,1747,174739740,1,o,2021-10-14 09:32:16.227,2459501.8974074,69
26.9815,-22.481225,4.732,3.8532,0.3269,6.3344,16.11,1,26.861,-22.789,20211014397870,248,9,1,32,1,zg,1747397873215,1747,174739787,1,o,2021-10-14 09:32:56.864,2459501.8978704,70
26.687082,-22.513084,4.7304,3.8544,0.3213,6.3896,16.11,1,26.861,-22.792,20211016317373,248,9,1,32,1,zg,1749317383215,1749,174931738,1,o,2021-10-16 07:37:02.071,2459503.8173843,71
26.533533,-22.526094,4.7295,3.8554,0.4037,6.427,16.11,1,26.862,-22.793,20211017313530,248,9,1,32,2,zr,1750313543215,1750,175031354,1,o,2021-10-17 07:31:30.366,2459504.8135417,72
26.523488,-22.526833,4.7295,3.8555,0.4119,6.4296,16.11,1,26.864,-22.794,20211017377002,248,9,1,32,1,zg,1750377163215,1750,175037716,1,o,2021-10-17 09:03:07.874,2459504.8771644,73
25.459227,-22.547767,4.7236,3.8696,0.5052,6.8396,16.14,1,25.923,-22.817,20211024272211,248,9,2,33,2,zr,1757272223315,1757,175727222,1,o,2021-10-24 06:32:00.166,2459511.7722222,74
24.553518,-22.466502,4.7186,3.8917,0.4568,7.3618,16.18,1,24.846,-22.836,20211030252118,248,10,1,36,1,zg,1763252113615,1763,176325211,1,o,2021-10-30 06:03:03.834,2459517.7521181,75
23.275113,-22.166105,4.7111,3.9417,0.5503,8.3107,16.26,1,22.845,-21.788,20211108253252,248,15,4,59,2,zr,1772253265915,1772,177225326,1,o,2021-11-08 06:04:42.697,2459526.7532639,76
23.266612,-22.163289,4.711,3.9421,0.5417,8.3177,16.26,1,22.844,-21.790,20211108315174,248,15,4,59,1,zg,1772315175915,1772,177231517,1,o,2021-11-08 07:33:51.682,2459526.8151736,77
22.881184,-22.018131,4.7086,3.9626,0.2344,8.6462,16.28,1,22.841,-21.787,20211111268079,248,15,4,59,1,zg,1775268125915,1775,177526812,1,o,2021-11-11 06:26:06.303,2459529.768125,78
22.872388,-22.01453,4.7085,3.9631,0.2274,8.6538,16.29,1,22.843,-21.790,20211111335486,248,15,4,59,2,zr,1775335565915,1775,177533556,1,o,2021-11-11 08:03:13.320,2459529.8355671,79
22.756217,-21.964407,4.7078,3.9699,0.187,8.7567,16.29,1,22.842,-21.796,20211112259850,248,15,4,59,2,zr,1776259845915,1776,177625984,1,o,2021-11-12 06:14:11.573,2459530.7598495,80
22.754513,-21.963669,4.7078,3.97,0.1878,8.7582,16.29,1,22.844,-21.796,20211112273125,248,15,4,59,1,zg,1776273125915,1776,177627312,1,o,2021-11-12 06:33:18.839,2459530.773125,81
22.517651,-21.851611,4.7062,3.985,0.3029,8.9732,16.31,1,22.837,-21.791,20211114209907,248,15,4,59,1,zg,1778209905915,1778,177820990,1,o,2021-11-14 05:02:16.589,2459532.7099074,82
21.946034,-21.516799,4.702,4.0274,0.2701,9.5232,16.36,1,21.911,-21.786,20211119259074,248,15,3,58,1,zg,1783259075815,1783,178325907,1,o,2021-11-19 06:13:04.971,2459537.7590741,83
21.942269,-21.514296,4.702,4.0277,0.273,9.5269,16.36,1,21.911,-21.787,20211119293333,248,15,3,58,2,zr,1783293515815,1783,178329351,1,o,2021-11-19 07:02:40.424,2459537.7935185,84
21.846638,-21.447089,4.7013,4.036,0.3442,9.6239,16.37,1,21.915,-21.786,20211120209653,248,15,3,58,1,zg,1784209665815,1784,178420966,1,o,2021-11-20 05:01:55.263,2459538.7096644,85
21.842015,-21.443858,4.7012,4.0364,0.3465,9.6285,16.37,1,21.908,-21.786,20211120252998,248,15,3,58,2,zr,1784252995815,1784,178425299,1,o,2021-11-20 06:04:19.644,2459538.7529977,86
21.459327,-21.133256,4.698,4.0736,0.4727,10.0324,16.41,1,21.910,-20.918,20211124189259,248,15,2,57,2,zr,1788189255715,1788,178818925,1,o,2021-11-24 04:32:32.615,2459542.6892593,87
20.837101,-20.405997,4.6916,4.1569,0.4177,10.7666,16.49,1,20.401,-20.322,20211202146516,297,4,4,15,2,zr,1796146511515,1796,179614651,1,o,2021-12-02 03:30:59.910,2459550.6465162,88
20.830658,-20.396567,4.6915,4.158,0.412,10.7747,16.49,1,20.399,-20.323,20211202241412,297,4,4,15,1,zg,1796241421515,1796,179624142,1,o,2021-12-02 05:47:39.062,2459550.7414236,89
26.065499,-9.403639,4.6316,5.174,0.2117,9.6884,16.88,1,25.875,-9.306,20220220119155,348,11,4,43,2,zr,1876119164315,1876,187611916,1,o,2022-02-20 02:51:36.324,2459630.6191667,90
26.066006,-9.403189,4.6316,5.174,0.2119,9.6881,16.88,1,25.875,-9.307,20220220122187,348,11,4,43,2,zr,1876122194315,1876,187612219,1,o,2022-02-20 02:55:58.515,2459630.6221991,91
26.066514,-9.40274,4.6316,5.1741,0.2122,9.6878,16.88,1,25.875,-9.307,20220220125220,348,11,4,43,2,zr,1876125234315,1876,187612523,1,o,2022-02-20 03:00:20.175,2459630.6252315,92
26.06702,-9.402291,4.6316,5.1741,0.2124,9.6875,16.88,1,25.875,-9.307,20220220128241,348,11,4,43,2,zr,1876128254315,1876,187612825,1,o,2022-02-20 03:04:41.903,2459630.6282523,93
26.067529,-9.401841,4.6316,5.1741,0.2127,9.6873,16.88,1,25.874,-9.308,20220220131273,348,11,4,43,2,zr,1876131284315,1876,187613128,1,o,2022-02-20 03:09:03.318,2459630.6312847,94
26.235613,-9.255571,4.6309,5.1847,0.3587,9.5931,16.88,1,25.876,-9.307,20220221120116,348,11,4,43,2,zr,1877120124315,1877,187712012,1,o,2022-02-21 02:52:59.493,2459631.6201273,95
26.236126,-9.255121,4.6309,5.1847,0.3595,9.5928,16.88,1,25.876,-9.308,20220221123137,348,11,4,43,2,zr,1877123154315,1877,187712315,1,o,2022-02-21 02:57:21.209,2459631.6231597,96
26.236638,-9.254674,4.6309,5.1848,0.3604,9.5925,16.88,1,25.875,-9.308,20220221126169,348,11,4,43,2,zr,1877126184315,1877,187712618,1,o,2022-02-21 03:01:42.421,2459631.6261806,97
26.237149,-9.254227,4.6309,5.1848,0.3612,9.5922,16.88,1,25.875,-9.309,20220221129190,348,11,4,43,2,zr,1877129204315,1877,187712920,1,o,2022-02-21 03:06:03.064,2459631.6292014,98
26.237659,-9.253781,4.6309,5.1848,0.3625,9.5919,16.88,1,25.875,-9.309,20220221132211,348,11,4,43,2,zr,1877132214315,1877,187713221,1,o,2022-02-21 03:10:23.964,2459631.6322106,99
62.149532,6.958476,4.534,4.6303,0.2867,12.6375,16.73,1,61.862,6.990,20220812420926,455,14,3,54,2,zr,2049420935415,2049,204942093,1,o,2022-08-12 10:06:09.120,2459803.9209375,100
62.155437,6.959693,4.534,4.6297,0.285,12.6391,16.73,1,61.870,6.994,20220812465984,455,14,3,54,1,zg,2049465995415,2049,204946599,1,o,2022-08-12 11:11:02.399,2459803.9659954,101
62.535928,7.035604,4.5328,4.5856,0.2,12.7351,16.72,1,62.732,6.988,20220815421435,455,14,4,55,2,zr,2052421435515,2052,205242143,1,o,2022-08-15 10:06:52.588,2459806.9214352,102
62.541332,7.036698,4.5328,4.5849,0.1984,12.7363,16.72,1,62.736,6.992,20220815465243,455,14,4,55,1,zg,2052465255515,2052,205246525,1,o,2022-08-15 11:09:58.082,2459806.9652546,103
62.784258,7.084387,4.5319,4.555,0.1037,12.7885,16.7,1,62.741,6.990,20220817452998,455,14,4,55,2,zr,2054452995515,2054,205445299,1,o,2022-08-17 10:52:19.620,2459808.9529977,104
63.132177,7.151746,4.5307,4.5095,0.4214,12.8482,16.68,1,62.738,6.995,20220820466806,455,14,4,55,1,zg,2057466805515,2057,205746680,1,o,2022-08-20 11:12:12.501,2459811.9668056,105
63.347349,7.192899,4.5299,4.4794,0.4398,12.8743,16.67,1,63.741,6.992,20220822450255,455,13,3,50,2,zr,2059450265015,2059,205945026,1,o,2022-08-22 10:48:23.732,2459813.9502662,106
63.651391,7.250606,4.5287,4.4337,0.279,12.8931,16.65,1,63.741,6.986,20220825453912,455,13,3,50,1,zg,2062453915015,2062,206245391,1,o,2022-08-25 10:53:38.897,2459816.953912,107
63.65382,7.251082,4.5287,4.4333,0.2783,12.8931,16.65,1,63.745,6.988,20220825479606,455,13,3,50,2,zr,2062479625015,2062,206247962,1,o,2022-08-25 11:30:40.922,2459816.9796296,108
63.837961,7.285883,4.528,4.4034,0.304,12.8914,16.63,1,63.740,6.998,20220827443819,455,13,3,50,2,zr,2064443835015,2064,206444383,1,o,2022-08-27 10:39:07.362,2459818.943831,109
63.841613,7.286601,4.5279,4.4028,0.3027,12.8912,16.63,1,63.743,7.000,20220827485162,455,13,3,50,1,zg,2064485175015,2064,206448517,1,o,2022-08-27 11:38:39.406,2459818.9851736,110
64.0959,7.334822,4.5268,4.3577,0.4924,12.8669,16.61,1,63.741,6.991,20220830442199,455,13,3,50,1,zg,2067442215015,2067,206744221,1,o,2022-08-30 10:36:47.218,2459821.9422106,111
64.099121,7.335464,4.5268,4.3571,0.4903,12.8662,16.61,1,63.744,6.995,20220830483067,455,13,3,50,2,zr,2067483065015,2067,206748306,1,o,2022-08-30 11:35:37.963,2459821.9830671,112
64.324042,7.378757,4.5257,4.3124,0.4795,12.8155,16.58,1,64.606,6.989,20220902424375,455,13,4,51,1,zg,2070424375115,2070,207042437,1,o,2022-09-02 10:11:06.932,2459824.924375,113
64.328307,7.379632,4.5256,4.3115,0.4763,12.814,16.58,1,64.611,6.995,20220902486065,455,13,4,51,2,zr,2070486065115,2070,207048606,1,o,2022-09-02 11:39:56.890,2459824.9860648,114
64.525198,7.418804,4.5245,4.2668,0.4347,12.7352,16.56,1,64.614,6.993,20220905443611,455,13,4,51,1,zg,2073443615115,2073,207344361,1,o,2022-09-05 10:38:48.583,2459827.9436111,115
64.526463,7.419078,4.5245,4.2664,0.4323,12.7345,16.56,1,64.613,6.995,20220905465035,455,13,4,51,2,zr,2073465045115,2073,207346504,1,o,2022-09-05 11:09:40.849,2459827.9650463,116
65.011711,7.540055,4.5202,4.0909,0.5091,12.1305,16.44,1,64.605,7.852,20220917338518,455,13,1,48,1,zg,2085338534815,2085,208533853,1,o,2022-09-17 08:07:29.531,2459839.8385301,117
65.013213,7.54079,4.5202,4.0896,0.3226,12.1241,16.43,1,65.131,7.842,20220917425706,456,16,2,61,1,zg,2085425746115,2085,208542574,1,o,2022-09-17 10:13:04.802,2459839.9257407,118
65.013511,7.540941,4.5202,4.0894,0.5088,12.1228,16.43,1,64.613,7.859,20220917443970,455,13,1,48,1,zg,2085443964815,2085,208544396,1,o,2022-09-17 10:39:19.973,2459839.9439699,119
65.01389,7.541135,4.5202,4.089,0.3275,12.121,16.43,1,65.131,7.848,20220917467512,456,16,2,61,1,zg,2085467516115,2085,208546751,1,o,2022-09-17 11:13:13.780,2459839.9675116,120
65.043838,7.556292,4.5195,4.0613,0.3077,11.9761,16.41,1,65.129,7.852,20220919406701,456,16,2,61,1,zg,2087406706115,2087,208740670,1,o,2022-09-19 09:45:40.042,2459841.9067014,121
65.043852,7.556303,4.5195,4.0612,0.5296,11.976,16.41,1,64.610,7.866,20220919408113,455,13,1,48,1,zg,2087408124815,2087,208740812,1,o,2022-09-19 09:47:42.199,2459841.908125,122
65.044324,7.556719,4.5195,4.0605,0.309,11.9717,16.41,1,65.133,7.853,20220919461863,456,16,2,61,1,zg,2087461906115,2087,208746190,1,o,2022-09-19 11:05:09.735,2459841.9619097,123
65.059748,7.571178,4.5188,4.0325,0.2927,11.8095,16.39,1,65.131,7.856,20220921443148,456,16,2,61,2,zr,2089443146115,2089,208944314,1,o,2022-09-21 10:38:08.689,2459843.9431481,124
65.059776,7.571416,4.5188,4.032,0.2936,11.8065,16.39,1,65.131,7.857,20220921476343,456,16,2,61,1,zg,2089476346115,2089,208947634,1,o,2022-09-21 11:25:56.947,2459843.9763426,125
65.059788,7.571551,4.5188,4.0318,0.0881,11.8048,16.39,1,65.112,7.643,20220921495324,1502,6,1,20,3,zi,2089495382015,2089,208949538,1,o,2022-09-21 11:53:21.381,2459843.9953819,126
65.054453,7.591453,4.5178,3.9908,0.2688,11.537,16.35,1,65.131,7.849,20220924445799,456,16,2,61,2,zr,2092445796115,2092,209244579,1,o,2022-09-24 10:41:57.800,2459846.9457986,127
65.054047,7.591699,4.5178,3.9903,0.2698,11.5332,16.35,1,65.132,7.850,20220924483461,456,16,2,61,1,zg,2092483466115,2092,209248346,1,o,2022-09-24 11:36:11.741,2459846.9834606,128
65.045693,7.597513,4.5175,3.9778,0.5009,11.4442,16.34,1,64.615,7.860,20220925395833,455,13,1,48,3,zi,2093395834815,2093,209339583,1,o,2022-09-25 09:30:00.823,2459847.8958333,129
65.045519,7.597595,4.5175,3.9777,0.0778,11.4429,16.34,1,65.114,7.635,20220925408264,1502,6,1,20,3,zi,2093408262015,2093,209340826,1,o,2022-09-25 09:47:54.653,2459847.9082639,130
65.031942,7.603967,4.5171,3.9638,0.4849,11.3393,16.33,1,64.616,7.860,20220926429271,455,13,1,48,1,zg,2094429284815,2094,209442928,1,o,2022-09-26 10:18:10.524,2459848.9292824,131
65.031702,7.60405,4.5171,3.9637,0.2694,11.338,16.33,1,65.139,7.852,20220926442396,456,16,2,61,1,zg,2094442396115,2094,209444239,1,o,2022-09-26 10:37:03.952,2459848.9423958,132
65.031302,7.604186,4.5171,3.9634,0.4874,11.3356,16.33,1,64.617,7.866,20220926464028,455,13,1,48,2,zr,2094464034815,2094,209446403,1,o,2022-09-26 11:08:13.181,2459848.9640394,133
65.030973,7.604295,4.5171,3.9631,0.2658,11.3338,16.33,1,65.132,7.851,20220926481713,456,16,2,61,2,zr,2094481726115,2094,209448172,1,o,2022-09-26 11:33:41.041,2459848.9817245,134
65.015321,7.609919,4.5168,3.9508,0.4676,11.237,16.32,1,64.615,7.857,20220927404850,455,13,1,48,3,zi,2095404844815,2095,209540484,1,o,2022-09-27 09:43:00.042,2459849.9048495,135
65.01531,7.609922,4.5168,3.9507,0.1013,11.237,16.32,1,65.116,7.629,20220927405324,1502,6,1,20,3,zi,2095405322015,2095,209540532,1,o,2022-09-27 09:43:40.635,2459849.9053241,136
65.014839,7.610056,4.5168,3.9505,0.2644,11.2346,16.32,1,65.139,7.845,20220927426771,456,16,2,61,3,zi,2095426776115,2095,209542677,1,o,2022-09-27 10:14:33.665,2459849.9267708,137
64.994373,7.615914,4.5165,3.9375,0.4457,11.1286,16.3,1,64.618,7.861,20220928404815,455,13,1,48,3,zi,2096404814815,2096,209640481,1,o,2022-09-28 09:42:56.863,2459850.9048148,138
64.994361,7.615917,4.5165,3.9375,0.1254,11.1285,16.3,1,65.120,7.632,20220928405289,1502,6,1,20,3,zi,2096405282015,2096,209640528,1,o,2022-09-28 09:43:37.573,2459850.9052894,139
64.993816,7.616046,4.5165,3.9372,0.2751,11.1261,16.3,1,65.139,7.851,20220928426331,456,16,2,61,3,zi,2096426336115,2096,209642633,1,o,2022-09-28 10:13:55.948,2459850.926331,140
64.992855,7.616267,4.5164,3.9367,0.4493,11.122,16.3,1,64.616,7.867,20220928462963,455,13,1,48,1,zg,2096462974815,2096,209646297,1,o,2022-09-28 11:06:41.224,2459850.9629745,141
64.992843,7.61627,4.5164,3.9367,0.2752,11.1219,16.3,1,65.136,7.852,20220928463438,456,16,2,61,1,zg,2096463446115,2096,209646344,1,o,2022-09-28 11:07:22.082,2459850.9634491,142
64.992281,7.616397,4.5164,3.9364,0.2751,11.1195,16.3,1,65.134,7.853,20220928484687,456,16,2,61,2,zr,2096484696115,2096,209648469,1,o,2022-09-28 11:37:58.910,2459850.9846991,143
64.992256,7.616402,4.5164,3.9364,0.4502,11.1194,16.3,1,64.615,7.867,20220928485648,455,13,1,48,2,zr,2096485644815,2096,209648564,1,o,2022-09-28 11:39:20.585,2459850.9856481,144
64.97003,7.621716,4.5161,3.9245,0.1483,11.0185,16.29,1,65.119,7.632,20220929388148,1502,6,1,20,3,zi,2097388152015,2097,209738815,1,o,2022-09-29 09:18:57.079,2459851.8881597,145
64.970016,7.621719,4.5161,3.9245,0.4224,11.0184,16.29,1,64.618,7.860,20220929388623,455,13,1,48,3,zi,2097388624815,2097,209738862,1,o,2022-09-29 09:19:37.671,2459851.8886227,146
64.9697,7.621784,4.5161,3.9244,0.2811,11.0171,16.29,1,65.135,7.851,20220929399074,456,16,2,61,3,zi,2097399356115,2097,209739935,1,o,2022-09-29 09:35:04.070,2459851.8993519,147
64.940566,7.627694,4.5158,3.9112,0.4013,10.9,16.28,1,64.614,7.865,20220930412234,455,13,1,48,3,zi,2098412244815,2098,209841224,1,o,2022-09-30 09:53:38.066,2459852.9122454,148
64.940551,7.627697,4.5158,3.9112,0.1735,10.9,16.28,1,65.115,7.636,20220930412708,1502,6,1,20,3,zi,2098412702015,2098,209841270,1,o,2022-09-30 09:54:18.773,2459852.9127083,149
64.93983,7.627824,4.5158,3.9109,0.2969,10.8974,16.28,1,65.139,7.850,20220930434016,456,16,2,61,3,zi,2098434016115,2098,209843401,1,o,2022-09-30 10:24:59.558,2459852.9340162,150
64.939551,7.627872,4.5158,3.9108,0.3997,10.8964,16.28,1,64.615,7.866,20220930442199,455,13,1,48,1,zg,2098442214815,2098,209844221,1,o,2022-09-30 10:36:47.356,2459852.9422106,151
64.938845,7.627994,4.5158,3.9105,0.2989,10.8939,16.28,1,65.136,7.854,20220930462905,456,16,2,61,1,zg,2098462916115,2098,209846291,1,o,2022-09-30 11:06:36.202,2459852.9629167,152
64.938047,7.628129,4.5158,3.9102,0.4013,10.8911,16.28,1,64.614,7.869,20220930486215,455,13,1,48,2,zr,2098486224815,2098,209848622,1,o,2022-09-30 11:40:10.157,2459852.9862269,153
64.937681,7.628191,4.5158,3.9101,0.2936,10.8898,16.28,1,65.132,7.851,20220930496887,456,16,2,61,2,zr,2098496886115,2098,209849688,1,o,2022-09-30 11:55:31.503,2459852.9968866,154
64.870916,7.639302,4.5151,3.8854,0.3363,10.6566,16.25,1,65.135,7.851,20221002424479,456,16,2,61,1,zg,2100424476115,2100,210042447,1,o,2022-10-02 10:11:15.520,2459854.9244792,155
64.869759,7.639464,4.5151,3.8851,0.3343,10.653,16.25,1,65.134,7.848,20221002452176,456,16,2,61,2,zr,2100452176115,2100,210045217,1,o,2022-10-02 10:51:08.793,2459854.9521759,156
64.831581,7.644906,4.5148,3.8731,0.3023,10.5335,16.24,1,64.611,7.854,20221003400104,455,13,1,48,2,zr,2101400524815,2101,210140052,1,o,2022-10-03 09:36:45.495,2459855.9005208,157
64.829475,7.645178,4.5148,3.8726,0.3014,10.5274,16.24,1,64.617,7.861,20221003446782,455,13,1,48,1,zg,2101446784815,2101,210144678,1,o,2022-10-03 10:43:22.893,2459855.9467824,158
64.741252,7.656235,4.5142,3.8489,0.2364,10.2757,16.21,1,64.612,7.855,20221005364687,455,13,1,48,3,zi,2103364694815,2103,210336469,1,o,2022-10-05 08:45:10.256,2459857.8646991,159
64.739366,7.65645,4.5142,3.8485,0.237,10.2707,16.21,1,64.611,7.856,20221005400428,455,13,1,48,2,zr,2103400434815,2103,210340043,1,o,2022-10-05 09:36:38.214,2459857.9004398,160
64.739237,7.656464,4.5142,3.8484,0.4323,10.2704,16.21,1,65.132,7.845,20221005402812,456,16,2,61,2,zr,2103402856115,2103,210340285,1,o,2022-10-05 09:40:07.834,2459857.9028588,161
64.738494,7.656548,4.5142,3.8483,0.3781,10.2685,16.21,1,65.119,7.631,20221005416829,1502,6,1,20,3,zi,2103416842015,2103,210341684,1,o,2022-10-05 10:00:15.351,2459857.9168403,162
64.737161,7.656696,4.5142,3.848,0.4371,10.265,16.21,1,65.134,7.847,20221005441840,456,16,2,61,1,zg,2103441856115,2103,210344185,1,o,2022-10-05 10:36:16.128,2459857.9418519,163
64.736333,7.656786,4.5142,3.8478,0.2352,10.2629,16.21,1,64.612,7.857,20221005457315,455,13,1,48,1,zg,2103457324815,2103,210345732,1,o,2022-10-05 10:58:33.121,2459857.9573264,164
64.690278,7.661989,4.5139,3.837,0.4164,10.1411,16.2,1,65.109,7.630,20221006351331,1502,6,1,20,3,zi,2104351332015,2104,210435133,1,o,2022-10-06 08:25:55.523,2459858.851331,165
64.690252,7.661992,4.5139,3.837,0.2129,10.1411,16.2,1,64.608,7.859,20221006351794,455,13,1,48,3,zi,2104351804815,2104,210435180,1,o,2022-10-06 08:26:36.272,2459858.8518056,166
64.63649,7.667715,4.5136,3.8254,0.1914,10.0055,16.19,1,64.615,7.858,20221007322789,455,13,1,48,2,zr,2105322784815,2105,210532278,1,o,2022-10-07 07:44:49.544,2459859.8227894,167
64.632312,7.668146,4.5136,3.8245,0.1946,9.9955,16.18,1,64.613,7.862,20221007392292,455,13,1,48,3,zi,2105392304815,2105,210539230,1,o,2022-10-07 09:24:55.353,2459859.8923032,168
64.630275,7.66835,4.5136,3.8241,0.381,9.9906,16.18,1,64.247,7.640,20221007425764,1502,6,2,21,3,zi,2105425792115,2105,210542579,1,o,2022-10-07 10:13:09.258,2459859.9257986,169
64.511637,7.680053,4.513,3.8015,0.2049,9.7101,16.16,1,64.615,7.858,20221009362558,455,13,1,48,2,zr,2107362564815,2107,210736256,1,o,2022-10-09 08:42:06.160,2459861.8625694,170
64.50649,7.680528,4.5129,3.8007,0.2661,9.6987,16.16,1,64.240,7.646,20221009437870,1502,6,2,21,1,zg,2107437872115,2107,210743787,1,o,2022-10-09 10:30:32.996,2459861.9378704,171
64.505447,7.680622,4.5129,3.8005,0.2091,9.6963,16.16,1,64.612,7.861,20221009453044,455,13,1,48,1,zg,2107453044815,2107,210745304,1,o,2022-10-09 10:52:23.703,2459861.953044,172
64.371774,7.692841,4.5123,3.7786,0.295,9.4023,16.13,1,64.613,7.865,20221011392986,455,13,1,48,1,zg,2109392994815,2109,210939299,1,o,2022-10-11 09:25:55.182,2459863.8929977,173
64.138799,7.71286,4.5114,3.7463,0.4239,8.9268,16.08,1,63.741,7.868,20221014374086,455,13,2,49,2,zr,2112374084915,2112,211237408,1,o,2022-10-14 08:58:41.993,2459866.8740856,174
64.132804,7.713348,4.5114,3.7456,0.4184,8.9153,16.08,1,63.743,7.874,20221014442859,455,13,2,49,1,zg,2112442874915,2112,211244287,1,o,2022-10-14 10:37:44.320,2459866.9428704,175
63.872175,7.73493,4.5105,3.7157,0.1899,8.422,16.04,1,63.737,7.870,20221017367211,455,13,2,49,2,zr,2115367224915,2115,211536722,1,o,2022-10-17 08:48:48.241,2459869.8672222,176
63.675585,7.751102,4.51,3.6963,0.1268,8.0692,16.01,1,63.735,7.863,20221019373264,455,13,2,49,1,zg,2117373274915,2117,211737327,1,o,2022-10-19 08:57:31.395,2459871.8732755,177
63.673496,7.751272,4.5099,3.6961,0.4374,8.0656,16.01,1,63.248,7.636,20221019393183,1502,7,1,24,1,zg,2117393192415,2117,211739319,1,o,2022-10-19 09:26:12.225,2459871.8931944,178
63.673447,7.751275,4.5099,3.6961,0.4373,8.0655,16.01,1,63.248,7.636,20221019393657,1502,7,1,24,1,zg,2117393652415,2117,211739365,1,o,2022-10-19 09:26:52.817,2459871.8936574,179
63.672733,7.751333,4.5099,3.696,0.1341,8.0642,16.01,1,63.737,7.869,20221019400451,455,13,2,49,2,zr,2117400454915,2117,211740045,1,o,2022-10-19 09:36:40.072,2459871.9004514,180
63.56703,7.760073,4.5096,3.6865,0.3388,7.8802,15.99,1,63.248,7.639,20221020422454,1502,7,1,24,2,zr,2118422522415,2118,211842252,1,o,2022-10-20 10:08:26.135,2459872.9225231,181
63.566978,7.760077,4.5096,3.6865,0.3387,7.8801,15.99,1,63.248,7.639,20221020422986,1502,7,1,24,2,zr,2118422992415,2118,211842299,1,o,2022-10-20 10:09:07.184,2459872.9229977,182
63.46383,7.768683,4.5094,3.6777,0.2526,7.7036,15.98,1,63.244,7.642,20221021390440,1502,7,1,24,1,zg,2119390432415,2119,211939043,1,o,2022-10-21 09:22:14.464,2459873.8904398,183
63.463777,7.768688,4.5094,3.6777,0.2524,7.7035,15.98,1,63.244,7.642,20221021390903,1502,7,1,24,1,zg,2119390912415,2119,211939091,1,o,2022-10-21 09:22:55.095,2459873.8909144,184
63.462853,7.768763,4.5094,3.6776,0.2936,7.7019,15.98,1,63.740,7.874,20221021399167,455,13,2,49,1,zg,2119399174915,2119,211939917,1,o,2022-10-21 09:34:49.263,2459873.8991782,185
63.123604,7.797688,4.5085,3.6518,0.3917,7.1413,15.93,1,62.735,7.869,20221024392812,455,14,1,52,2,zr,2122392845215,2122,212239284,1,o,2022-10-24 09:25:42.873,2459876.8928472,186
63.119601,7.798026,4.5085,3.6515,0.3877,7.135,15.93,1,62.735,7.871,20221024425706,455,14,1,52,1,zg,2122425715215,2122,212242571,1,o,2022-10-24 10:13:02.305,2459876.9257176,187
62.884031,7.818896,4.508,3.636,0.3956,6.7611,15.9,1,63.241,7.641,20221026369421,1502,7,1,24,1,zg,2124369432415,2124,212436943,1,o,2022-10-26 08:51:59.070,2459878.8694329,188
62.883605,7.818934,4.508,3.6359,0.3971,6.7604,15.9,1,63.242,7.641,20221026372720,1502,7,1,24,1,zg,2124372762415,2124,212437276,1,o,2022-10-26 08:56:47.782,2459878.8727662,189
62.882814,7.819004,4.508,3.6359,0.1559,6.7592,15.9,1,62.735,7.872,20221026378947,455,14,1,52,1,zg,2124378955215,2124,212437895,1,o,2022-10-26 09:05:42.571,2459878.8789583,190
62.756109,7.830528,4.5077,3.6282,0.4259,6.5627,15.89,1,62.368,7.648,20221027385856,1502,7,2,25,2,zr,2125385852515,2125,212538585,1,o,2022-10-27 09:15:38.985,2459879.8858565,191
62.756047,7.830534,4.5077,3.6282,0.4257,6.5626,15.89,1,62.368,7.648,20221027386331,1502,7,2,25,2,zr,2125386332515,2125,212538633,1,o,2022-10-27 09:16:19.634,2459879.886331,192
62.633139,7.841949,4.5074,3.6212,0.1051,6.3749,15.87,1,62.734,7.876,20221028342535,455,14,1,52,2,zr,2126342545215,2126,212634254,1,o,2022-10-28 08:13:16.710,2459880.8425463,193
62.628367,7.842389,4.5074,3.6209,0.1092,6.3677,15.87,1,62.732,7.879,20221028378264,455,14,1,52,1,zg,2126378265215,2126,212637826,1,o,2022-10-28 09:04:42.830,2459880.8782639,194
62.498592,7.854697,4.5071,3.6139,0.2491,6.1726,15.85,1,62.369,7.642,20221029365000,1502,7,2,25,1,zg,2127364992515,2127,212736499,1,o,2022-10-29 08:45:36.960,2459881.865,195
62.498527,7.854703,4.5071,3.6139,0.249,6.1725,15.85,1,62.369,7.642,20221029365475,1502,7,2,25,1,zg,2127365472515,2127,212736547,1,o,2022-10-29 08:46:17.601,2459881.8654745,196
62.36614,7.867539,4.5069,3.6071,0.2352,5.9765,15.84,1,62.368,7.633,20221030351632,1502,7,2,25,2,zr,2128351632515,2128,212835163,1,o,2022-10-30 08:26:21.796,2459882.8516319,197
62.366074,7.867545,4.5069,3.6071,0.2352,5.9764,15.84,1,62.368,7.633,20221030352106,1502,7,2,25,2,zr,2128352102515,2128,212835210,1,o,2022-10-30 08:27:02.455,2459882.8521065,198
62.365341,7.867616,4.5069,3.6071,0.3681,5.9753,15.84,1,62.737,7.868,20221030357361,455,14,1,52,2,zr,2128357375215,2128,212835737,1,o,2022-10-30 08:34:37.130,2459882.8573727,199
62.360609,7.868069,4.5069,3.6069,0.2332,5.9684,15.84,1,62.369,7.635,20221030391250,1502,7,2,25,1,zg,2128391352515,2128,212839135,1,o,2022-10-30 09:23:33.993,2459882.8913542,200
62.360543,7.868076,4.5069,3.6069,0.2334,5.9683,15.84,1,62.369,7.635,20221030391829,1502,7,2,25,1,zg,2128391822515,2128,212839182,1,o,2022-10-30 09:24:14.815,2459882.8918287,201
62.359661,7.86816,4.5069,3.6068,0.371,5.967,15.84,1,62.734,7.870,20221030398148,455,14,1,52,1,zg,2128398155215,2128,212839815,1,o,2022-10-30 09:33:21.226,2459882.8981597,202
62.225847,7.881451,4.5066,3.6004,0.2803,5.7721,15.82,1,62.368,7.639,20221031375185,1502,7,2,25,2,zr,2129375192515,2129,212937519,1,o,2022-10-31 09:00:17.171,2459883.8751968,203
62.225237,7.881511,4.5066,3.6004,0.2819,5.7712,15.82,1,62.371,7.640,20221031379491,1502,7,2,25,2,zr,2129379502515,2129,212937950,1,o,2022-10-31 09:06:29.904,2459883.8795023,204
61.667829,7.940299,4.5056,3.5775,0.1951,4.9927,15.76,1,61.854,7.878,20221104276632,455,14,2,53,1,zg,2133276635315,2133,213327663,1,o,2022-11-04 06:38:21.629,2459887.7766319,205
61.502766,7.958788,4.5053,3.5717,0.3524,4.7732,15.74,1,61.363,7.635,20221105382940,1502,8,1,28,2,zr,2134382962815,2134,213438296,1,o,2022-11-05 09:11:28.414,2459888.882963,206
61.502693,7.958796,4.5053,3.5717,0.3523,4.7731,15.74,1,61.363,7.635,20221105383426,1502,8,1,28,2,zr,2134383432815,2134,213438343,1,o,2022-11-05 09:12:09.169,2459888.8834375,207
61.363862,7.974805,4.5051,3.5672,0.3289,4.5924,15.73,1,61.361,7.646,20221106304641,1502,8,1,28,2,zr,2135304642815,2135,213530464,1,o,2022-11-06 07:18:41.558,2459889.8046412,208
61.363789,7.974814,4.5051,3.5672,0.3289,4.5923,15.73,1,61.362,7.646,20221106305104,1502,8,1,28,2,zr,2135305112815,2135,213530511,1,o,2022-11-06 07:19:22.355,2459889.8051157,209
60.576383,8.072895,4.5038,3.5471,0.3317,3.6543,15.65,1,60.859,7.895,20221111333588,455,15,1,56,2,zr,2140333585615,2140,214033358,1,o,2022-11-11 08:00:22.999,2459894.833588,210
60.568746,8.073888,4.5038,3.5469,0.5279,3.6461,15.65,1,60.940,8.453,20221111379988,507,1,4,3,1,zg,2140380030315,2140,214038003,1,o,2022-11-11 09:07:15.503,2459894.8800347,211
60.56492,8.074383,4.5038,3.5468,0.3577,3.642,15.65,1,60.864,7.873,20221111403299,455,15,1,56,1,zg,2140403315615,2140,214040331,1,o,2022-11-11 09:40:46.586,2459894.9033102,212
60.253838,8.116947,4.5033,3.5412,0.3917,3.3251,15.62,1,60.065,8.461,20221113322708,507,1,3,2,2,zr,2142323040215,2142,214232304,1,o,2022-11-13 07:45:11.322,2459896.823044,213
60.245092,8.118147,4.5033,3.541,0.3869,3.3168,15.62,1,60.066,8.462,20221113375359,507,1,3,2,3,zi,2142375370215,2142,214237537,1,o,2022-11-13 09:00:32.320,2459896.8753704,214
60.242175,8.118546,4.5033,3.541,0.3863,3.314,15.62,1,60.064,8.463,20221113392789,507,1,3,2,1,zg,2142392820215,2142,214239282,1,o,2022-11-13 09:25:40.604,2459896.8928241,215
60.100708,8.138718,4.5031,3.5388,0.2885,3.1836,15.61,1,59.982,7.876,20221114257894,455,15,2,57,1,zg,2143257895715,2143,214325789,1,o,2022-11-14 06:11:22.514,2459897.7578935,216
60.093608,8.139728,4.5031,3.5387,0.2836,3.1774,15.61,1,59.985,7.878,20221114300150,455,15,2,57,2,zr,2143300165715,2143,214330016,1,o,2022-11-14 07:12:14.356,2459897.800162,217
59.928876,8.163779,4.5028,3.5365,0.3341,3.0383,15.6,1,60.063,8.471,20221115297442,507,1,3,2,1,zg,2144297440215,2144,214429744,1,o,2022-11-15 07:08:20.070,2459898.7974421,218
59.923592,8.164547,4.5028,3.5364,0.3351,3.0341,15.6,1,60.064,8.470,20221115328611,507,1,3,2,2,zr,2144328640215,2144,214432864,1,o,2022-11-15 07:53:15.205,2459898.8286458,219
59.766054,8.188211,4.5026,3.5346,0.3857,2.9153,15.59,1,59.986,7.870,20221116277512,455,15,2,57,1,zg,2145277525715,2145,214527752,1,o,2022-11-16 06:39:38.520,2459899.7775231,220
59.758184,8.189389,4.5026,3.5345,0.3916,2.9098,15.59,1,59.986,7.870,20221116323715,455,15,2,57,2,zr,2145323755715,2145,214532375,1,o,2022-11-16 07:46:12.104,2459899.82375,221
59.420249,8.242298,4.5021,3.5317,0.5646,2.7093,15.57,1,58.990,7.873,20221118340567,455,16,1,60,1,zg,2147340566015,2147,214734056,1,o,2022-11-18 08:10:25.778,2459901.8405671,222
59.254602,8.269358,4.5019,3.5307,0.2721,2.6408,15.56,1,59.062,8.464,20221119323634,507,2,4,7,1,zg,2148323630715,2148,214832363,1,o,2022-11-19 07:46:02.703,2459902.8236343,223
59.253683,8.269507,4.5019,3.5307,0.4228,2.6405,15.56,1,59.256,8.692,20221119328843,1501,9,3,34,1,zg,2148328953415,2148,214832895,1,o,2022-11-19 07:53:42.142,2459902.8289583,224
59.253603,8.26952,4.5019,3.5307,0.4226,2.6405,15.56,1,59.256,8.692,20221119329421,1501,9,3,34,1,zg,2148329423415,2148,214832942,1,o,2022-11-19 07:54:22.733,2459902.8294213,225
59.247945,8.270436,4.5019,3.5307,0.266,2.6385,15.56,1,59.066,8.466,20221119362176,507,2,4,7,2,zr,2148362220715,2148,214836222,1,o,2022-11-19 08:41:36.547,2459902.8622222,226
59.088755,8.297217,4.5017,3.5301,0.4239,2.594,15.56,1,59.256,8.688,20221120304931,1501,9,3,34,2,zr,2149304943415,2149,214930494,1,o,2022-11-20 07:19:07.321,2459903.8049421,227
58.922116,8.326005,4.5014,3.5297,0.4922,2.57,15.56,1,59.256,8.691,20221121288611,1501,9,3,34,1,zg,2150288623415,2150,215028862,1,o,2022-11-21 06:55:37.663,2459904.7886227,228
58.922034,8.326019,4.5014,3.5297,0.4923,2.57,15.56,1,59.256,8.691,20221121289086,1501,9,3,34,1,zg,2150289093415,2150,215028909,1,o,2022-11-21 06:56:18.262,2459904.7890972,229
58.920939,8.326208,4.5014,3.5297,0.1996,2.5699,15.56,1,59.067,8.465,20221121295394,507,2,4,7,1,zg,2150295410715,2150,215029541,1,o,2022-11-21 07:05:24.749,2459904.7954167,230
58.915885,8.327076,4.5014,3.5297,0.4961,2.5695,15.56,1,59.256,8.691,20221121324583,1501,9,3,34,2,zr,2150324583415,2150,215032458,1,o,2022-11-21 07:47:24.775,2459904.8245833,231
58.915803,8.32709,4.5014,3.5297,0.4963,2.5695,15.56,1,59.257,8.692,20221121325058,1501,9,3,34,2,zr,2150325053415,2150,215032505,1,o,2022-11-21 07:48:05.869,2459904.8250579,232
58.913552,8.327476,4.5014,3.5297,0.2057,2.5693,15.56,1,59.068,8.465,20221121337998,507,2,4,7,2,zr,2150338040715,2150,215033804,1,o,2022-11-21 08:06:47.575,2459904.838044,233
58.584815,8.386835,4.501,3.53,0.3951,2.5934,15.56,1,58.192,8.459,20221123275451,507,2,3,6,1,zg,2152275460615,2152,215227546,1,o,2022-11-23 06:36:40.914,2459906.775463,234
58.582315,8.387291,4.501,3.53,0.4473,2.5939,15.56,1,58.250,8.690,20221123289838,1501,10,4,39,1,zg,2152289873915,2152,215228987,1,o,2022-11-23 06:57:25.135,2459906.7898727,235
58.582235,8.387305,4.501,3.53,0.447,2.5939,15.56,1,58.250,8.690,20221123290336,1501,10,4,39,1,zg,2152290333915,2152,215229033,1,o,2022-11-23 06:58:05.732,2459906.7903356,236
58.577788,8.388115,4.501,3.53,0.387,2.5949,15.56,1,58.193,8.459,20221123315926,507,2,3,6,2,zr,2152315960615,2152,215231596,1,o,2022-11-23 07:34:59.113,2459906.8159606,237
58.077802,8.485257,4.5003,3.5327,0.1173,2.8004,15.58,1,58.193,8.460,20221126263808,507,2,3,6,2,zr,2155263800615,2155,215526380,1,o,2022-11-26 06:19:53.672,2459909.7638079,238
58.072492,8.486315,4.5003,3.5327,0.123,2.8035,15.58,1,58.194,8.461,20221126294479,507,2,3,6,1,zg,2155294520615,2155,215529452,1,o,2022-11-26 07:04:07.561,2459909.7945255,239
58.068447,8.487119,4.5003,3.5328,0.2735,2.8058,15.58,1,58.252,8.692,20221126317870,1501,10,4,39,1,zg,2155317913915,2155,215531791,1,o,2022-11-26 07:37:48.243,2459909.8179167,240
58.068367,8.487135,4.5003,3.5328,0.2737,2.8059,15.58,1,58.252,8.692,20221126318380,1501,10,4,39,1,zg,2155318373915,2155,215531837,1,o,2022-11-26 07:38:28.832,2459909.8183796,241
57.90522,8.520817,4.5001,3.5342,0.3833,2.9117,15.58,1,58.252,8.692,20221127284294,1501,10,4,39,2,zr,2156284293915,2156,215628429,1,o,2022-11-27 06:49:23.760,2459910.784294,242
57.905139,8.520834,4.5001,3.5343,0.3835,2.9117,15.58,1,58.252,8.692,20221127284769,1501,10,4,39,2,zr,2156284763915,2156,215628476,1,o,2022-11-27 06:50:04.548,2459910.7847685,243
57.404457,8.630607,4.4995,3.5407,0.0717,3.3262,15.62,1,57.373,8.695,20221130268877,1501,10,3,38,2,zr,2159268983815,2159,215926898,1,o,2022-11-30 06:27:20.853,2459913.7689815,244
57.404376,8.630625,4.4995,3.5407,0.0716,3.3263,15.62,1,57.373,8.695,20221130269456,1501,10,3,38,2,zr,2159269453815,2159,215926945,1,o,2022-11-30 06:28:01.869,2459913.769456,245
57.40063,8.631467,4.4995,3.5408,0.2672,3.3298,15.62,1,57.193,8.461,20221130291447,507,3,4,11,2,zr,2159291451115,2159,215929145,1,o,2022-11-30 06:59:42.424,2459913.7914583,246
57.395685,8.632578,4.4995,3.5408,0.2588,3.3344,15.62,1,57.193,8.469,20221130320509,507,3,4,11,1,zg,2159320501115,2159,215932050,1,o,2022-11-30 07:41:32.949,2459913.8205093,247
55.958804,9.013846,4.4977,3.5766,0.4799,4.9888,15.75,1,56.313,9.343,20221209253854,507,3,2,9,1,zg,2168253870915,2168,216825387,1,o,2022-12-09 06:05:35.284,2459922.7538773,248
55.955493,9.014837,4.4977,3.5767,0.4827,4.9931,15.75,1,56.314,9.343,20221209274919,507,3,2,9,2,zr,2168274930915,2168,216827493,1,o,2022-12-09 06:35:54.178,2459922.7749306,249
55.786858,9.067352,4.4975,3.5828,0.4751,5.2144,15.77,1,55.495,8.690,20221210378056,1501,11,3,42,2,zr,2169378074215,2169,216937807,1,o,2022-12-10 09:04:26.284,2459923.8780787,250
55.648181,9.112251,4.4973,3.5881,0.438,5.3998,15.79,1,55.502,8.699,20221211301169,1501,11,3,42,1,zg,2170301164215,2170,217030116,1,o,2022-12-11 07:13:41.699,2459924.801169,251
55.647035,9.112617,4.4973,3.5881,0.4442,5.4013,15.79,1,55.503,8.692,20221211308646,1501,11,3,42,1,zg,2170308654215,2170,217030865,1,o,2022-12-11 07:24:28.822,2459924.8086574,252
55.078874,9.312394,4.4966,3.6135,0.2201,6.1876,15.85,1,55.301,9.331,20221215227280,507,4,1,12,2,zr,2174227281215,2174,217422728,1,o,2022-12-15 05:27:18.026,2459928.7272801,253
54.541395,9.530368,4.4959,3.6437,0.2434,6.9704,15.91,1,54.429,9.314,20221219205567,507,4,2,13,1,zg,2178205561315,2178,217820556,1,o,2022-12-19 04:56:02.033,2459932.7055671,254
54.535961,9.532684,4.4959,3.644,0.2394,6.9785,15.91,1,54.434,9.316,20221219246366,507,4,2,13,2,zr,2178246371315,2178,217824637,1,o,2022-12-19 05:54:47.899,2459932.7463773,255
54.415747,9.586412,4.4957,3.6517,0.0782,7.1592,15.93,1,54.486,9.551,20221220186076,1501,12,1,44,2,zr,2179186084415,2179,217918608,1,o,2022-12-20 04:27:58.290,2459933.686088,256
54.415685,9.58644,4.4957,3.6517,0.0784,7.1593,15.93,1,54.486,9.551,20221220186551,1501,12,1,44,2,zr,2179186564415,2179,217918656,1,o,2022-12-20 04:28:39.155,2459933.6865625,257
54.292477,9.64358,4.4955,3.6601,0.4489,7.3467,15.94,1,53.963,9.334,20221221170231,506,1,1,0,1,zg,2180170250015,2180,218017025,1,o,2022-12-21 04:05:10.072,2459934.6702546,258
54.285176,9.646947,4.4955,3.6606,0.3686,7.3578,15.94,1,54.434,9.309,20221221227639,507,4,2,13,1,zg,2180227631315,2180,218022763,1,o,2022-12-21 05:27:49.043,2459934.7276389,259
54.27882,9.649875,4.4955,3.661,0.3732,7.3674,15.94,1,54.435,9.310,20221221277650,507,4,2,13,2,zr,2180277661315,2180,218027766,1,o,2022-12-21 06:39:51.045,2459934.777662,260
54.166023,9.704605,4.4954,3.6691,0.3538,7.5415,15.96,1,54.489,9.550,20221222203762,1501,12,1,44,1,zg,2181203774415,2181,218120377,1,o,2022-12-22 04:53:26.318,2459935.7037731,261
54.165964,9.704633,4.4954,3.6691,0.3539,7.5416,15.96,1,54.489,9.550,20221222204236,1501,12,1,44,1,zg,2181204244415,2181,218120424,1,o,2022-12-22 04:54:07.178,2459935.7042477,262
53.928976,9.826624,4.495,3.6875,0.4181,7.9141,15.99,1,53.617,9.544,20221224221620,1501,12,2,45,2,zr,2183221704515,2183,218322170,1,o,2022-12-24 05:19:15.845,2459937.7217014,263
53.92892,9.826654,4.495,3.6875,0.418,7.9142,15.99,1,53.617,9.544,20221224222176,1501,12,2,45,2,zr,2183222174515,2183,218322217,1,o,2022-12-24 05:19:56.694,2459937.7221759,264
53.401195,10.144395,4.4943,3.7372,0.3788,8.7874,16.06,1,53.100,10.381,20221229212569,506,5,3,18,2,zr,2188212561815,2188,218821256,1,o,2022-12-29 05:06:06.753,2459942.7125694,265
52.554847,10.921256,4.4927,3.8656,0.3517,10.4314,16.22,1,52.399,10.605,20230109241528,1500,13,3,50,2,zr,2199241565015,2199,219924156,1,o,2023-01-09 05:47:51.059,2459953.7415625,266
52.55482,10.921291,4.4927,3.8656,0.3517,10.4315,16.22,1,52.399,10.605,20230109242025,1500,13,3,50,2,zr,2199242025015,2199,219924202,1,o,2023-01-09 05:48:31.862,2459953.7420255,267
52.36783,11.217123,4.4922,3.916,0.2779,10.9074,16.27,1,52.086,11.248,20230113128403,506,6,1,20,1,zg,2203128402015,2203,220312840,1,o,2023-01-13 03:04:54.685,2459957.6284028,268
52.159668,12.025511,4.4911,4.0556,0.286,11.8743,16.39,1,52.087,12.303,20230123144618,506,10,4,39,2,zr,2213144623915,2213,221314462,1,o,2023-01-23 03:28:16.962,2459967.6446296,269
52.159561,12.027725,4.4911,4.056,0.2839,11.8765,16.39,1,52.089,12.304,20230123171088,506,10,4,39,1,zg,2213171093915,2213,221317109,1,o,2023-01-23 04:06:23.184,2459967.6710995,270
52.165698,12.192868,4.4909,4.0847,0.1465,12.021,16.41,1,52.089,12.319,20230125130394,506,10,4,39,2,zr,2215130403915,2215,221513040,1,o,2023-01-25 03:07:47.093,2459969.6304051,271
52.345657,12.888689,4.4901,4.2051,0.3751,12.465,16.5,1,52.092,13.171,20230202150093,506,10,1,36,1,zg,2223150103615,2223,222315010,1,o,2023-02-02 03:36:09.168,2459977.6501042,272
55.910075,16.245682,4.4885,4.758,0.4612,11.8722,16.74,1,55.508,16.499,20230310196042,557,1,1,0,2,zr,2259196050015,2259,225919605,1,o,2023-03-10 04:42:19.028,2460013.6960532,273
55.914669,16.248531,4.4885,4.7585,0.2635,11.8702,16.74,1,56.046,16.480,20230310226250,558,4,2,13,2,zr,2259226241315,2259,225922624,1,o,2023-03-10 05:25:48.610,2460013.72625,274
59.050919,17.941351,4.4886,5.005,0.3988,10.3392,16.77,1,58.886,17.575,20230328176042,558,7,4,27,1,zg,2277176042715,2277,227717604,1,o,2023-03-28 04:13:30.954,2460031.6760417,275
59.238942,18.030714,4.4886,5.0172,0.538,10.2398,16.77,1,58.878,18.446,20230329137060,558,7,1,24,2,zr,2278137062415,2278,227813706,1,o,2023-03-29 03:17:22.711,2460032.6370602,276
59.239418,18.030939,4.4886,5.0172,0.5376,10.2396,16.77,1,58.878,18.446,20230329139491,558,7,1,24,2,zr,2278139502415,2278,227813950,1,o,2023-03-29 03:20:53.161,2460032.6395023,277
59.239893,18.031163,4.4886,5.0172,0.5375,10.2393,16.77,1,58.878,18.445,20230329141933,558,7,1,24,2,zr,2278141932415,2278,227814193,1,o,2023-03-29 03:24:23.641,2460032.6419329,278
59.24037,18.031388,4.4886,5.0173,0.5376,10.2391,16.77,1,58.878,18.445,20230329144363,558,7,1,24,2,zr,2278144372415,2278,227814437,1,o,2023-03-29 03:27:54.258,2460032.644375,279
59.240847,18.031613,4.4886,5.0173,0.5375,10.2388,16.77,1,58.878,18.445,20230329146806,558,7,1,24,2,zr,2278146812415,2278,227814681,1,o,2023-03-29 03:31:25.354,2460032.6468171,280
61.730733,19.127639,4.4891,5.1588,0.3799,8.8793,16.77,1,61.901,19.472,20230410131192,558,9,3,34,2,zr,2290131573415,2290,229013157,1,o,2023-04-10 03:09:29.045,2460044.6315741,281
61.731251,19.127852,4.4891,5.1588,0.3782,8.879,16.77,1,61.899,19.472,20230410133935,558,9,3,34,2,zr,2290133953415,2290,229013395,1,o,2023-04-10 03:12:54.205,2460044.6339583,282
61.731766,19.128063,4.4891,5.1588,0.3772,8.8787,16.77,1,61.898,19.472,20230410136308,558,9,3,34,2,zr,2290136333415,2290,229013633,1,o,2023-04-10 03:16:19.124,2460044.636331,283
61.732282,19.128275,4.4891,5.1589,0.3761,8.8784,16.77,1,61.897,19.471,20230410138681,558,9,3,34,2,zr,2290138703415,2290,229013870,1,o,2023-04-10 03:19:44.266,2460044.6387037,284
61.732795,19.128485,4.4891,5.1589,0.375,8.8781,16.77,1,61.896,19.471,20230410141053,558,9,3,34,2,zr,2290141063415,2290,229014106,1,o,2023-04-10 03:23:08.778,2460044.6410648,285
61.950233,19.217548,4.4892,5.1697,0.2563,8.7564,16.76,1,61.902,19.470,20230411132940,558,9,3,34,2,zr,2291133483415,2291,229113348,1,o,2023-04-11 03:12:13.351,2460045.6334838,286
61.950752,19.217759,4.4892,5.1697,0.2562,8.7561,16.76,1,61.899,19.470,20230411135833,558,9,3,34,2,zr,2291135853415,2291,229113585,1,o,2023-04-11 03:15:38.497,2460045.6358565,287
61.951272,19.21797,4.4892,5.1698,0.2562,8.7558,16.76,1,61.897,19.470,20230411138206,558,9,3,34,2,zr,2291138223415,2291,229113822,1,o,2023-04-11 03:19:03.575,2460045.6382292,288
61.951791,19.21818,4.4892,5.1698,0.2567,8.7555,16.76,1,61.895,19.470,20230411140579,558,9,3,34,2,zr,2291140603415,2291,229114060,1,o,2023-04-11 03:22:28.683,2460045.6406019,289
61.952311,19.218391,4.4892,5.1698,0.2578,8.7552,16.76,1,61.892,19.470,20230411142963,558,9,3,34,2,zr,2291142973415,2291,229114297,1,o,2023-04-11 03:25:53.866,2460045.6429745,290
62.170784,19.30693,4.4892,5.1804,0.2966,8.6325,16.76,1,61.903,19.463,20230412132338,558,9,3,34,2,zr,2292132743415,2292,229213274,1,o,2023-04-12 03:11:09.202,2460046.6327431,291
62.17131,19.307141,4.4892,5.1805,0.2989,8.6322,16.76,1,61.900,19.462,20230412135116,558,9,3,34,2,zr,2292135123415,2292,229213512,1,o,2023-04-12 03:14:35.214,2460046.6351273,292
62.171838,19.307353,4.4892,5.1805,0.3004,8.6319,16.76,1,61.898,19.462,20230412137512,558,9,3,34,2,zr,2292137523415,2292,229213752,1,o,2023-04-12 03:18:02.202,2460046.6375231,293
62.172365,19.307564,4.4892,5.1805,0.3014,8.6316,16.76,1,61.897,19.462,20230412139907,558,9,3,34,2,zr,2292139903415,2292,229213990,1,o,2023-04-12 03:21:28.493,2460046.6399074,294
62.172891,19.307776,4.4892,5.1805,0.303,8.6313,16.76,1,61.896,19.461,20230412142292,558,9,3,34,2,zr,2292142293415,2292,229214229,1,o,2023-04-12 03:24:54.714,2460046.6422917,295
62.842876,19.573632,4.4894,5.2118,0.3966,8.2528,16.76,1,63.243,19.451,20230415134155,559,12,3,46,2,zr,2295134534615,2295,229513453,1,o,2023-04-15 03:13:44.499,2460049.634537,296
62.843411,19.57384,4.4894,5.2118,0.3946,8.2525,16.76,1,63.241,19.451,20230415136887,559,12,3,46,2,zr,2295136904615,2295,229513690,1,o,2023-04-15 03:17:09.070,2460049.6369097,297
62.843946,19.574048,4.4894,5.2118,0.3938,8.2522,16.76,1,63.240,19.450,20230415139259,559,12,3,46,2,zr,2295139284615,2295,229513928,1,o,2023-04-15 03:20:34.104,2460049.6392824,298
62.844481,19.574256,4.4894,5.2118,0.3928,8.2519,16.76,1,63.239,19.450,20230415141632,559,12,3,46,2,zr,2295141654615,2295,229514165,1,o,2023-04-15 03:23:59.133,2460049.6416551,299
62.845014,19.574463,4.4894,5.2119,0.392,8.2516,16.76,1,63.239,19.449,20230415144005,559,12,3,46,2,zr,2295144014615,2295,229514401,1,o,2023-04-15 03:27:23.850,2460049.6440162,300
63.070012,19.661913,4.4895,5.2219,0.27,8.1237,16.75,1,63.244,19.448,20230416134734,559,12,3,46,2,zr,2296135124615,2296,229613512,1,o,2023-04-16 03:14:35.232,2460050.6351273,301
63.070548,19.662119,4.4895,5.2219,0.2689,8.1234,16.75,1,63.241,19.447,20230416137477,559,12,3,46,2,zr,2296137484615,2296,229613748,1,o,2023-04-16 03:17:59.814,2460050.6374884,302
63.071087,19.662326,4.4895,5.222,0.2686,8.1231,16.75,1,63.240,19.447,20230416139850,559,12,3,46,2,zr,2296139864615,2296,229613986,1,o,2023-04-16 03:21:24.828,2460050.6398611,303
63.071626,19.662534,4.4895,5.222,0.2685,8.1228,16.75,1,63.240,19.446,20230416142211,559,12,3,46,2,zr,2296142234615,2296,229614223,1,o,2023-04-16 03:24:49.485,2460050.6422338,304
63.072165,19.662741,4.4895,5.222,0.2681,8.1225,16.75,1,63.238,19.446,20230416144595,559,12,3,46,2,zr,2296144604615,2296,229614460,1,o,2023-04-16 03:28:14.667,2460050.6446065,305
63.298663,19.749876,4.4895,5.2319,0.3088,7.9935,16.75,1,63.244,19.446,20230417135336,559,12,3,46,2,zr,2297135724615,2297,229713572,1,o,2023-04-17 03:15:27.736,2460051.6357292,306
63.299205,19.750082,4.4895,5.2319,0.3102,7.9932,16.75,1,63.242,19.445,20230417138090,559,12,3,46,2,zr,2297138104615,2297,229713810,1,o,2023-04-17 03:18:53.029,2460051.6381019,307
63.299747,19.750288,4.4895,5.2319,0.3112,7.9929,16.75,1,63.241,19.445,20230417140451,559,12,3,46,2,zr,2297140474615,2297,229714047,1,o,2023-04-17 03:22:17.470,2460051.6404745,308
63.30029,19.750494,4.4895,5.232,0.3121,7.9926,16.75,1,63.240,19.444,20230417142824,559,12,3,46,2,zr,2297142844615,2297,229714284,1,o,2023-04-17 03:25:42.111,2460051.6428472,309
63.300832,19.750701,4.4895,5.232,0.3129,7.9923,16.75,1,63.238,19.444,20230417145197,559,12,3,46,2,zr,2297145214615,2297,229714521,1,o,2023-04-17 03:29:07.134,2460051.6452199,310
63.529248,19.837682,4.4896,5.2417,0.4778,7.8619,16.75,1,63.241,19.445,20230418138275,559,12,3,46,2,zr,2298138284615,2298,229813828,1,o,2023-04-18 03:19:08.124,2460052.638287,311
63.529794,19.837887,4.4896,5.2418,0.4793,7.8616,16.75,1,63.240,19.444,20230418140660,559,12,3,46,2,zr,2298140654615,2298,229814065,1,o,2023-04-18 03:22:33.523,2460052.6406597,312
63.530342,19.838094,4.4896,5.2418,0.4809,7.8613,16.75,1,63.239,19.444,20230418143044,559,12,3,46,2,zr,2298143044615,2298,229814304,1,o,2023-04-18 03:25:59.583,2460052.643044,313
63.530891,19.8383,4.4896,5.2418,0.4824,7.861,16.75,1,63.238,19.443,20230418145417,559,12,3,46,2,zr,2298145424615,2298,229814542,1,o,2023-04-18 03:29:25.256,2460052.6454282,314
63.53144,19.838507,4.4896,5.2418,0.4838,7.8607,16.75,1,63.236,19.443,20230418147801,559,12,3,46,2,zr,2298147814615,2298,229814781,1,o,2023-04-18 03:32:51.255,2460052.6478125,315
63.993527,20.011825,4.4897,5.2609,0.3481,7.5961,16.74,1,64.137,20.334,20230420138032,559,12,1,44,2,zr,2300138034415,2300,230013803,1,o,2023-04-20 03:18:47.044,2460054.6380324,316
63.994094,20.012034,4.4897,5.2609,0.3466,7.5957,16.74,1,64.135,20.333,20230420140451,559,12,1,44,2,zr,2300140464415,2300,230014046,1,o,2023-04-20 03:22:16.225,2460054.640463,317
63.994657,20.012242,4.4897,5.2609,0.3456,7.5954,16.74,1,64.134,20.333,20230420142882,559,12,1,44,2,zr,2300142884415,2300,230014288,1,o,2023-04-20 03:25:45.772,2460054.6428819,318
63.995221,20.01245,4.4897,5.261,0.3446,7.5951,16.74,1,64.133,20.333,20230420145301,559,12,1,44,2,zr,2300145304415,2300,230014530,1,o,2023-04-20 03:29:14.738,2460054.6453009,319
63.995788,20.012659,4.4897,5.261,0.344,7.5948,16.74,1,64.131,20.333,20230420147720,559,12,1,44,2,zr,2300147734415,2300,230014773,1,o,2023-04-20 03:32:44.162,2460054.6477315,320
91.816728,26.902124,4.5083,5.2502,0.2417,8.1573,16.78,1,91.846,26.663,20230803490394,612,10,3,38,2,zr,2405490393815,2405,240549039,1,o,2023-08-03 11:46:10.943,2460159.9903935,321
91.817333,26.902242,4.5083,5.2502,0.2414,8.1576,16.78,1,91.846,26.663,20230803492789,612,10,3,38,2,zr,2405492783815,2405,240549278,1,o,2023-08-03 11:49:37.727,2460159.9927894,322
91.817938,26.90236,4.5083,5.2502,0.2411,8.1579,16.78,1,91.846,26.663,20230803495185,612,10,3,38,2,zr,2405495183815,2405,240549518,1,o,2023-08-03 11:53:04.697,2460159.9951852,323
91.818543,26.902477,4.5083,5.2501,0.2409,8.1582,16.78,1,91.846,26.664,20230803497581,612,10,3,38,2,zr,2405497583815,2405,240549758,1,o,2023-08-03 11:56:31.532,2460159.997581,324
91.819147,26.902595,4.5083,5.2501,0.2406,8.1585,16.78,1,91.847,26.664,20230803499977,612,10,3,38,2,zr,2405499973815,2405,240549997,1,o,2023-08-03 11:59:58.555,2460159.9999769,325
92.069499,26.950209,4.5085,5.2407,0.3443,8.2845,16.78,1,91.843,26.672,20230804491713,612,10,3,38,2,zr,2406491723815,2406,240649172,1,o,2023-08-04 11:48:05.355,2460160.9917245,326
92.07011,26.950328,4.5085,5.2407,0.3445,8.2848,16.78,1,91.843,26.672,20230804494144,612,10,3,38,2,zr,2406494153815,2406,240649415,1,o,2023-08-04 11:51:35.084,2460160.9941551,327
92.070718,26.950447,4.5085,5.2407,0.3445,8.2851,16.78,1,91.844,26.673,20230804496574,612,10,3,38,2,zr,2406496573815,2406,240649657,1,o,2023-08-04 11:55:04.568,2460160.9965741,328
92.071326,26.950566,4.5085,5.2406,0.3444,8.2854,16.78,1,91.844,26.673,20230804498993,612,10,3,38,2,zr,2406498993815,2406,240649899,1,o,2023-08-04 11:58:34.030,2460160.9989931,329
92.071937,26.950685,4.5085,5.2406,0.3445,8.2857,16.78,1,91.844,26.673,20230804501412,612,10,3,38,2,zr,2406501423815,2406,240650142,1,o,2023-08-04 12:02:03.486,2460161.0014236,330
92.320729,26.998105,4.5088,5.2311,0.5353,8.4102,16.78,1,91.848,26.669,20230805491169,612,10,3,38,2,zr,2407491163815,2407,240749116,1,o,2023-08-05 11:47:17.516,2460161.991169,331
92.321337,26.998224,4.5088,5.231,0.5357,8.4105,16.78,1,91.848,26.669,20230805493588,612,10,3,38,2,zr,2407493593815,2407,240749359,1,o,2023-08-05 11:50:47.226,2460161.9935995,332
92.321943,26.998343,4.5088,5.231,0.5356,8.4108,16.78,1,91.848,26.670,20230805496019,612,10,3,38,2,zr,2407496013815,2407,240749601,1,o,2023-08-05 11:54:16.914,2460161.9960185,333
92.322551,26.998462,4.5088,5.231,0.5359,8.4111,16.78,1,91.849,26.670,20230805498449,612,10,3,38,2,zr,2407498443815,2407,240749844,1,o,2023-08-05 11:57:46.620,2460161.9984491,334
92.323159,26.998581,4.5088,5.231,0.536,8.4114,16.78,1,91.849,26.671,20230805500868,612,10,3,38,2,zr,2407500873815,2407,240750087,1,o,2023-08-05 12:01:16.411,2460162.0008796,335
92.57149,27.046039,4.5091,5.2213,0.4421,8.5351,16.78,1,92.819,26.664,20230806493125,612,10,4,39,2,zr,2408493123915,2408,240849312,1,o,2023-08-06 11:50:06.616,2460162.993125,336
92.572096,27.046158,4.5091,5.2212,0.4417,8.5354,16.78,1,92.819,26.664,20230806495556,612,10,4,39,2,zr,2408495553915,2408,240849555,1,o,2023-08-06 11:53:36.649,2460162.9955556,337
92.572701,27.046277,4.5091,5.2212,0.4411,8.5357,16.78,1,92.819,26.665,20230806497975,612,10,4,39,2,zr,2408497983915,2408,240849798,1,o,2023-08-06 11:57:06.653,2460162.9979861,338
92.573307,27.046396,4.5091,5.2212,0.4408,8.536,16.78,1,92.820,26.665,20230806500417,612,10,4,39,2,zr,2408500413915,2408,240850041,1,o,2023-08-06 12:00:36.666,2460163.0004167,339
92.573912,27.046515,4.5091,5.2212,0.4404,8.5363,16.78,1,92.820,26.665,20230806502847,612,10,4,39,2,zr,2408502843915,2408,240850284,1,o,2023-08-06 12:04:06.811,2460163.0028472,340
92.820474,27.093771,4.5094,5.2113,0.4298,8.6585,16.79,1,92.818,26.665,20230807492361,612,10,4,39,2,zr,2409492463915,2409,240949246,1,o,2023-08-07 11:49:09.326,2460163.9924653,341
92.821062,27.093887,4.5094,5.2113,0.4291,8.6588,16.79,1,92.817,26.666,20230807494826,612,10,4,39,2,zr,2409494833915,2409,240949483,1,o,2023-08-07 11:52:34.483,2460163.994838,342
92.82165,27.094003,4.5094,5.2113,0.429,8.6591,16.79,1,92.817,26.666,20230807497199,612,10,4,39,2,zr,2409497213915,2409,240949721,1,o,2023-08-07 11:55:59.995,2460163.9972106,343
92.822829,27.094235,4.5094,5.2112,0.4285,8.6597,16.79,1,92.818,26.667,20230807501956,612,10,4,39,2,zr,2409501963915,2409,240950196,1,o,2023-08-07 12:02:50.270,2460164.0019676,344
94.045889,27.331405,4.5108,5.1595,0.2051,9.2556,16.8,1,93.944,27.517,20230812482824,612,9,2,33,2,zr,2414482833315,2414,241448283,1,o,2023-08-12 11:35:18.077,2460168.9828356,345
94.046494,27.331527,4.5108,5.1595,0.206,9.2559,16.8,1,93.944,27.517,20230812485312,612,9,2,33,2,zr,2414485333315,2414,241448533,1,o,2023-08-12 11:38:53.363,2460168.9853356,346
94.047095,27.331648,4.5108,5.1594,0.2065,9.2562,16.8,1,93.944,27.518,20230812487813,612,9,2,33,2,zr,2414487823315,2414,241448782,1,o,2023-08-12 11:42:28.767,2460168.9878241,347
94.047699,27.33177,4.5108,5.1594,0.2068,9.2565,16.8,1,93.944,27.518,20230812490301,612,9,2,33,2,zr,2414490323315,2414,241449032,1,o,2023-08-12 11:46:04.206,2460168.9903241,348
94.0483,27.331891,4.5108,5.1594,0.2074,9.2567,16.8,1,93.944,27.519,20230812492801,612,9,2,33,2,zr,2414492813315,2414,241449281,1,o,2023-08-12 11:49:39.876,2460168.9928125,349
94.28808,27.379058,4.5111,5.1487,0.3332,9.3715,16.8,1,93.946,27.518,20230813484757,612,9,2,33,2,zr,2415484753315,2415,241548475,1,o,2023-08-13 11:38:03.892,2460169.9847569,350
94.288676,27.379178,4.5111,5.1486,0.3337,9.3717,16.8,1,93.946,27.518,20230813487234,612,9,2,33,2,zr,2415487233315,2415,241548723,1,o,2023-08-13 11:41:37.554,2460169.9872338,351
94.289271,27.379299,4.5111,5.1486,0.3344,9.372,16.8,1,93.946,27.518,20230813489711,612,9,2,33,2,zr,2415489713315,2415,241548971,1,o,2023-08-13 11:45:11.489,2460169.9897106,352
94.289866,27.37942,4.5111,5.1486,0.335,9.3723,16.8,1,93.946,27.519,20230813492188,612,9,2,33,2,zr,2415492183315,2415,241549218,1,o,2023-08-13 11:48:45.872,2460169.9921875,353
94.290461,27.37954,4.5111,5.1486,0.3353,9.3726,16.8,1,93.946,27.519,20230813494664,612,9,2,33,2,zr,2415494663315,2415,241549466,1,o,2023-08-13 11:52:19.942,2460169.9946644,354
94.528418,27.426618,4.5114,5.1377,0.3568,9.4857,16.8,1,94.923,27.498,20230814484606,612,9,1,32,2,zr,2416484613215,2416,241648461,1,o,2023-08-14 11:37:51.454,2460170.9846181,355
94.529007,27.426738,4.5114,5.1377,0.3568,9.4859,16.8,1,94.923,27.498,20230814487083,612,9,1,32,2,zr,2416487083215,2416,241648708,1,o,2023-08-14 11:41:25.031,2460170.9870833,356
94.529598,27.426858,4.5114,5.1377,0.3566,9.4862,16.8,1,94.923,27.499,20230814489560,612,9,1,32,2,zr,2416489563215,2416,241648956,1,o,2023-08-14 11:44:58.878,2460170.9895602,357
94.530193,27.42698,4.5114,5.1376,0.3562,9.4865,16.8,1,94.924,27.499,20230814492037,612,9,1,32,2,zr,2416492043215,2416,241649204,1,o,2023-08-14 11:48:33.273,2460170.9920486,358
94.530784,27.4271,4.5114,5.1376,0.3558,9.4868,16.8,1,94.924,27.500,20230814494525,612,9,1,32,2,zr,2416494523215,2416,241649452,1,o,2023-08-14 11:52:07.665,2460170.9945255,359
94.767893,27.474306,4.5117,5.1266,0.1422,9.5987,16.8,1,94.926,27.497,20230815486690,612,9,1,32,2,zr,2417486703215,2417,241748670,1,o,2023-08-15 11:40:51.358,2460171.9867014,360
94.768489,27.474429,4.5117,5.1266,0.142,9.599,16.8,1,94.927,27.497,20230815489201,612,9,1,32,2,zr,2417489213215,2417,241748921,1,o,2023-08-15 11:44:28.283,2460171.989213,361
94.769085,27.474551,4.5117,5.1266,0.1416,9.5992,16.8,1,94.927,27.498,20230815491725,612,9,1,32,2,zr,2417491723215,2417,241749172,1,o,2023-08-15 11:48:05.709,2460171.9917245,362
94.769681,27.474673,4.5117,5.1265,0.1414,9.5995,16.8,1,94.927,27.498,20230815494236,612,9,1,32,2,zr,2417494233215,2417,241749423,1,o,2023-08-15 11:51:42.670,2460171.9942361,363
94.770277,27.474796,4.5117,5.1265,0.1412,9.5998,16.8,1,94.927,27.499,20230815496736,612,9,1,32,2,zr,2417496743215,2417,241749674,1,o,2023-08-15 11:55:19.322,2460171.9967477,364
96.399548,27.809195,4.5139,5.0453,0.3515,10.3457,16.8,1,96.175,27.520,20230822489306,613,12,1,44,2,zr,2424489304415,2424,242448930,1,o,2023-08-22 11:44:36.538,2460178.9893056,365
96.400116,27.809318,4.5139,5.0453,0.3518,10.346,16.8,1,96.175,27.521,20230822491817,613,12,1,44,2,zr,2424491814415,2424,242449181,1,o,2023-08-22 11:48:13.721,2460178.9918171,366
96.400684,27.809442,4.5139,5.0453,0.3517,10.3462,16.8,1,96.175,27.521,20230822494329,613,12,1,44,2,zr,2424494324415,2424,242449432,1,o,2023-08-22 11:51:50.917,2460178.9943287,367
96.401255,27.809566,4.5139,5.0452,0.3517,10.3465,16.8,1,96.176,27.521,20230822496840,613,12,1,44,2,zr,2424496854415,2424,242449685,1,o,2023-08-22 11:55:28.314,2460178.9968519,368
96.401823,27.80969,4.5139,5.0452,0.3517,10.3467,16.8,1,96.176,27.521,20230822499352,613,12,1,44,2,zr,2424499364415,2424,242449936,1,o,2023-08-22 11:59:05.272,2460178.9993634,369
96.626629,27.85751,4.5142,5.0332,0.522,10.4461,16.8,1,96.179,27.519,20230823491262,613,12,1,44,2,zr,2425491274415,2425,242549127,1,o,2023-08-23 11:47:26.365,2460179.9912731,370
96.627193,27.857634,4.5142,5.0331,0.522,10.4464,16.8,1,96.179,27.519,20230823493773,613,12,1,44,2,zr,2425493784415,2425,242549378,1,o,2023-08-23 11:51:03.410,2460179.9937847,371
96.627757,27.857758,4.5142,5.0331,0.5221,10.4466,16.8,1,96.179,27.520,20230823496296,613,12,1,44,2,zr,2425496294415,2425,242549629,1,o,2023-08-23 11:54:40.873,2460179.9962963,372
96.628323,27.857883,4.5142,5.0331,0.522,10.4469,16.8,1,96.180,27.520,20230823498808,613,12,1,44,2,zr,2425498814415,2425,242549881,1,o,2023-08-23 11:58:18.082,2460179.9988194,373
96.628887,27.858007,4.5142,5.0331,0.522,10.4471,16.8,1,96.180,27.520,20230823501319,613,12,1,44,2,zr,2425501334415,2425,242550133,1,o,2023-08-23 12:01:55.383,2460180.001331,374
99.198235,28.449017,4.5181,4.8797,0.1827,11.5062,16.79,1,99.326,28.594,20230904452905,613,14,3,54,1,zg,2437452905415,2437,243745290,1,o,2023-09-04 10:52:11.586,2460191.9529051,375
101.817943,29.197886,4.5231,4.684,0.3882,12.3707,16.74,1,101.466,29.437,20230918422002,613,13,2,49,2,zr,2451422024915,2451,245142202,1,o,2023-09-18 10:07:43.072,2460205.9220255,376
101.823772,29.199886,4.5231,4.6835,0.389,12.3722,16.74,1,101.471,29.439,20230918456539,613,13,2,49,1,zg,2451456554915,2451,245145655,1,o,2023-09-18 10:57:26.423,2460205.9565509,377
102.156931,29.313834,4.5238,4.6545,0.2849,12.4573,16.73,1,102.461,29.421,20230920445625,613,13,1,48,1,zg,2453445624815,2453,245344562,1,o,2023-09-20 10:41:42.547,2460207.945625,378
102.165578,29.316963,4.5238,4.6537,0.2798,12.4593,16.73,1,102.461,29.428,20230920498762,613,13,1,48,2,zr,2453498774815,2453,245349877,1,o,2023-09-20 11:58:14.312,2460207.9987731,379
102.321401,29.372336,4.5242,4.6398,0.2053,12.4964,16.73,1,102.553,29.411,20230921452326,614,16,2,61,3,zi,2454452326115,2454,245445232,1,o,2023-09-21 10:51:21.960,2460208.9523264,380
102.487808,29.433226,4.5246,4.6246,0.0632,12.5339,16.72,1,102.555,29.410,20230922489387,614,16,2,61,2,zr,2455489386115,2455,245548938,1,o,2023-09-22 11:44:43.756,2460209.9893866,381
102.798037,29.551444,4.5253,4.5953,0.3211,12.5979,16.71,1,102.462,29.420,20230924474734,613,13,1,48,2,zr,2457474744815,2457,245747474,1,o,2023-09-24 11:23:38.214,2460211.9747454,382
102.802155,29.55311,4.5253,4.5949,0.3255,12.5987,16.71,1,102.461,29.421,20230924501979,613,13,1,48,1,zg,2457502024815,2457,245750202,1,o,2023-09-24 12:02:55.816,2460212.0020255,383
102.943934,29.609377,4.5257,4.5811,0.3933,12.6251,16.71,1,102.559,29.405,20230925434144,614,16,2,61,1,zg,2458434156115,2458,245843415,1,o,2023-09-25 10:25:11.329,2460212.9341551,384
102.947097,29.610692,4.5257,4.5808,0.3949,12.6257,16.71,1,102.559,29.407,20230925455405,614,16,2,61,2,zr,2458455416115,2458,245845541,1,o,2023-09-25 10:55:48.578,2460212.9554167,385
102.952822,29.613077,4.5257,4.5802,0.3981,12.6266,16.71,1,102.560,29.410,20230925493854,614,16,2,61,3,zi,2458494056115,2458,245849405,1,o,2023-09-25 11:51:26.938,2460212.9940509,386
103.09539,29.671414,4.526,4.5661,0.5493,12.6511,16.7,1,103.560,30.045,20230926450231,661,2,4,7,1,zg,2459450250715,2459,245945025,1,o,2023-09-26 10:48:22.365,2460213.9502546,387
103.101414,29.673999,4.5261,4.5654,0.5437,12.652,16.7,1,103.559,30.047,20230926491667,661,2,4,7,2,zr,2459491720715,2459,245949172,1,o,2023-09-26 11:48:05.119,2460213.9917245,388
103.384606,29.795413,4.5268,4.5363,0.2928,12.6938,16.69,1,103.568,30.042,20230928450706,661,2,4,7,2,zr,2461450700715,2461,246145070,1,o,2023-09-28 10:49:01.743,2460215.950706,389
103.384672,29.795443,4.5268,4.5363,0.3956,12.6938,16.69,1,103.556,29.430,20230928451181,614,16,1,60,2,zr,2461451186015,2461,246145118,1,o,2023-09-28 10:49:42.616,2460215.9511806,390
103.649976,29.916369,4.5275,4.5078,0.4984,12.7243,16.68,1,104.101,30.228,20230930364549,1658,9,4,35,2,zr,2463364563515,2463,246336456,1,o,2023-09-30 08:44:58.336,2460217.8645602,391
103.65086,29.916796,4.5275,4.5077,0.4988,12.7243,16.68,1,104.101,30.229,20230930371111,1658,9,4,35,2,zr,2463371113515,2463,246337111,1,o,2023-09-30 08:54:24.723,2460217.8711111,392
104.049225,30.114759,4.5287,4.4622,0.4363,12.7507,16.66,1,103.551,30.050,20231003418148,661,2,4,7,1,zg,2466418360715,2466,246641836,1,o,2023-10-03 10:02:28.088,2460220.9183681,393
104.634393,30.452639,4.5307,4.3876,0.4293,12.7335,16.62,1,104.712,30.030,20231008401100,661,1,3,2,1,zg,2471401110215,2471,247140111,1,o,2023-10-08 09:37:36.721,2460225.9011111,394
104.645957,30.460337,4.5308,4.386,0.4299,12.7321,16.62,1,104.711,30.035,20231008510058,661,1,3,2,2,zr,2471510060215,2471,247151006,1,o,2023-10-08 12:14:30.323,2460226.0100694,395
104.946728,30.666519,4.5319,4.3426,0.2983,12.6852,16.6,1,104.727,30.899,20231011420880,661,1,2,1,1,zg,2474420870115,2474,247442087,1,o,2023-10-11 10:06:04.625,2460228.9208796,396
105.226401,30.888253,4.5332,4.2976,0.4246,12.6067,16.57,1,104.732,30.900,20231014450602,661,1,2,1,1,zg,2477450600115,2477,247745060,1,o,2023-10-14 10:48:52.484,2460231.9506019,397
105.227957,30.889652,4.5332,4.2973,0.4265,12.6061,16.57,1,104.731,30.900,20231014469178,661,1,2,1,2,zr,2477469180115,2477,247746918,1,o,2023-10-14 11:15:38.084,2460231.9691898,398
105.310064,30.962022,4.5336,4.283,0.1589,12.5746,16.56,1,105.294,31.121,20231015437407,1659,12,1,44,2,zr,2478437414415,2478,247843741,1,o,2023-10-15 10:29:53.438,2460232.937419,399
105.310103,30.962058,4.5336,4.283,0.1589,12.5746,16.56,1,105.295,31.121,20231015437882,1659,12,1,44,2,zr,2478437894415,2478,247843789,1,o,2023-10-15 10:30:34.120,2460232.9378935,400
105.388698,31.035284,4.534,4.2687,0.3503,12.5399,16.55,1,105.744,30.864,20231016407569,661,1,1,0,1,zg,2479407560015,2479,247940756,1,o,2023-10-16 09:46:54.927,2460233.9075694,401
105.394893,31.041538,4.534,4.2675,0.3465,12.5367,16.55,1,105.746,30.871,20231016488912,661,1,1,0,2,zr,2479488920015,2479,247948892,1,o,2023-10-16 11:44:03.290,2460233.9889236,402
105.537916,31.187464,4.5348,4.2396,0.3713,12.4589,16.54,1,105.743,30.862,20231018390972,661,1,1,0,1,zg,2481391010015,2481,248139101,1,o,2023-10-18 09:23:04.167,2460235.8910185,403
105.542193,31.192363,4.5348,4.2387,0.368,12.456,16.53,1,105.741,30.867,20231018453241,661,1,1,0,2,zr,2481453310015,2481,248145331,1,o,2023-10-18 10:52:46.549,2460235.9533102,404
105.608712,31.267211,4.5352,4.2247,0.5916,12.4118,16.53,1,106.104,30.856,20231019413773,662,4,2,13,1,zg,2482413781315,2482,248241378,1,o,2023-10-19 09:55:51.190,2460236.9137847,405
105.613859,31.273573,4.5353,4.2236,0.5913,12.4077,16.52,1,106.107,30.861,20231019494109,662,4,2,13,2,zr,2482494101315,2482,248249410,1,o,2023-10-19 11:51:31.940,2460236.9941088,406
105.893333,31.667559,4.5374,4.1531,0.2644,12.1308,16.48,1,106.045,31.899,20231024396273,662,8,3,30,3,zi,2487396273015,2487,248739627,1,o,2023-10-24 09:30:38.937,2460241.8962731,407
105.894761,31.670261,4.5374,4.1526,0.2682,12.1286,16.48,1,105.774,31.919,20231024428646,661,5,4,19,2,zr,2487428651915,2487,248742865,1,o,2023-10-24 10:17:16.220,2460241.9286574,408
105.894781,31.670299,4.5374,4.1526,0.263,12.1285,16.48,1,106.046,31.901,20231024429120,662,8,3,30,2,zr,2487429123015,2487,248742912,1,o,2023-10-24 10:17:56.992,2460241.9291204,409
105.895598,31.671856,4.5374,4.1523,0.268,12.1273,16.48,1,105.776,31.921,20231024447824,661,5,4,19,1,zg,2487447821915,2487,248744782,1,o,2023-10-24 10:44:52.648,2460241.9478241,410
105.896511,31.673608,4.5374,4.152,0.2635,12.1258,16.48,1,106.048,31.904,20231024468912,662,8,3,30,1,zg,2487468913015,2487,248746891,1,o,2023-10-24 11:15:14.820,2460241.968912,411
105.938701,31.751527,4.5378,4.1387,0.6014,12.0629,16.47,1,106.428,32.187,20231025410868,1659,15,3,58,2,zr,2488410875815,2488,248841087,1,o,2023-10-25 09:51:40.403,2460242.9108796,412
105.938719,31.751566,4.5378,4.1387,0.6015,12.0628,16.47,1,106.428,32.187,20231025411343,1659,15,3,58,2,zr,2488411345815,2488,248841134,1,o,2023-10-25 09:52:20.995,2460242.9113426,413
106.013358,31.913569,4.5386,4.1116,0.2035,11.9237,16.45,1,105.774,31.919,20231027343333,661,5,4,19,2,zr,2490343331915,2490,249034333,1,o,2023-10-27 08:14:24.621,2460244.8433333,414
106.014285,31.916024,4.5387,4.1112,0.0276,11.9215,16.45,1,106.043,31.904,20231027371840,662,8,3,30,1,zg,2490371853015,2490,249037185,1,o,2023-10-27 08:55:28.121,2460244.8718519,415
106.015263,31.918664,4.5387,4.1108,0.2027,11.9191,16.45,1,105.777,31.924,20231027402581,661,5,4,19,1,zg,2490402581915,2490,249040258,1,o,2023-10-27 09:39:43.541,2460244.902581,416
106.016874,31.923107,4.5387,4.1101,0.0312,11.9151,16.44,1,106.049,31.909,20231027454468,662,8,3,30,3,zi,2490454473015,2490,249045447,1,o,2023-10-27 10:54:27.262,2460244.9544792,417
106.017258,31.924179,4.5387,4.1099,0.0308,11.9141,16.44,1,106.049,31.911,20231027467026,662,8,3,30,2,zr,2490467033015,2490,249046703,1,o,2023-10-27 11:12:32.209,2460244.967037,418
106.047885,32.005501,4.5391,4.0966,0.3648,11.84,16.43,1,106.425,32.183,20231028422894,1659,15,3,58,1,zg,2491422895815,2491,249142289,1,o,2023-10-28 10:08:58.858,2460245.9228935,419
106.04819,32.006486,4.5391,4.0965,0.3677,11.8391,16.43,1,106.429,32.184,20231028434225,1659,15,3,58,1,zg,2491434295815,2491,249143429,1,o,2023-10-28 10:25:24.033,2460245.934294,420
106.05046,32.013966,4.5392,4.0953,0.3685,11.8319,16.43,1,106.435,32.188,20231028521343,1659,15,3,58,2,zr,2491521345815,2491,249152134,1,o,2023-10-28 12:30:44.909,2460246.0213426,421
106.075238,32.090054,4.5396,4.0831,0.3157,11.7603,16.42,1,106.428,32.193,20231029407882,1659,15,3,58,2,zr,2492407895815,2492,249240789,1,o,2023-10-29 09:47:22.215,2460246.9078935,422
106.075249,32.090094,4.5396,4.0831,0.3158,11.7602,16.42,1,106.428,32.193,20231029408356,1659,15,3,58,2,zr,2492408355815,2492,249240835,1,o,2023-10-29 09:48:03.096,2460246.9083565,423
106.07652,32.095069,4.5396,4.0823,0.3046,11.7553,16.42,1,105.775,31.931,20231029465509,661,5,4,19,1,zg,2492465521915,2492,249246552,1,o,2023-10-29 11:10:21.311,2460246.9655208,424
106.07653,32.095111,4.5396,4.0823,0.1854,11.7553,16.42,1,106.043,31.913,20231029465984,662,8,3,30,1,zg,2492465993015,2492,249246599,1,o,2023-10-29 11:11:02.116,2460246.9659954,425
106.077468,32.09887,4.5396,4.0817,0.3051,11.7515,16.42,1,105.777,31.933,20231029509398,661,5,4,19,2,zr,2492509421915,2492,249250942,1,o,2023-10-29 12:13:34.860,2460247.0094213,426
106.099089,32.1787,4.54,4.0691,0.2781,11.6737,16.41,1,106.427,32.194,20231030431111,1659,15,3,58,2,zr,2493431115815,2493,249343111,1,o,2023-10-30 10:20:48.813,2460247.9311111,427
106.116768,32.258103,4.5404,4.0567,0.2686,11.5937,16.4,1,106.423,32.187,20231031341435,1659,15,3,58,2,zr,2494341505815,2494,249434150,1,o,2023-10-31 08:11:46.830,2460248.8415046,428
106.116775,32.258146,4.5404,4.0567,0.2688,11.5937,16.4,1,106.423,32.188,20231031341979,1659,15,3,58,2,zr,2494341975815,2494,249434197,1,o,2023-10-31 08:12:27.446,2460248.8419792,429
106.131694,32.345786,4.5408,4.0433,0.4327,11.5027,16.39,1,106.000,32.765,20231101337546,662,8,2,29,1,zg,2495337552915,2495,249533755,1,o,2023-11-01 08:06:05.258,2460249.8375579,430
106.132821,32.356159,4.5409,4.0418,0.4275,11.4916,16.39,1,106.007,32.771,20231101453426,662,8,2,29,2,zr,2495453432915,2495,249545343,1,o,2023-11-01 10:52:57.249,2460249.9534375,431
106.149676,32.621981,4.5422,4.0026,0.3265,11.198,16.36,1,105.817,32.791,20231104422755,661,5,1,16,2,zr,2498422751615,2498,249842275,1,o,2023-11-04 10:08:46.686,2460252.9227546,432
106.14658,32.7109,4.5427,3.9899,0.1267,11.0944,16.34,1,106.015,32.774,20231105401319,662,8,2,29,3,zi,2499401332915,2499,249940133,1,o,2023-11-05 09:37:55.321,2460253.901331,433
106.146331,32.713497,4.5427,3.9895,0.1252,11.0913,16.34,1,106.015,32.774,20231105429514,662,8,2,29,1,zg,2499429532915,2499,249942953,1,o,2023-11-05 10:18:32.748,2460253.929537,434
106.145799,32.71868,4.5427,3.9888,0.1229,11.085,16.34,1,106.016,32.776,20231105486076,662,8,2,29,2,zr,2499486082915,2499,249948608,1,o,2023-11-05 11:39:58.808,2460253.986088,435
106.139385,32.798582,4.5431,3.9776,0.2692,10.9897,16.33,1,105.820,32.787,20231106359884,661,5,1,16,1,zg,2500359881615,2500,250035988,1,o,2023-11-06 08:38:14.730,2460254.8598843,436
106.138719,32.803383,4.5431,3.977,0.3428,10.9838,16.33,1,106.419,33.054,20231106411528,1659,15,2,57,1,zg,2500411535715,2500,250041153,1,o,2023-11-06 09:52:37.559,2460254.9115394,437
106.138713,32.803427,4.5431,3.9769,0.3429,10.9838,16.33,1,106.419,33.054,20231106412002,1659,15,2,57,1,zg,2500412015715,2500,250041201,1,o,2023-11-06 09:53:18.197,2460254.9120139,438
106.137712,32.810097,4.5432,3.976,0.2713,10.9755,16.33,1,105.816,32.794,20231106484109,661,5,1,16,2,zr,2500484211615,2500,250048421,1,o,2023-11-06 11:37:16.536,2460254.984213,439
106.087913,33.081909,4.5445,3.9394,0.3139,10.6341,16.29,1,106.000,32.778,20231109413160,662,8,2,29,2,zr,2503413182915,2503,250341318,1,o,2023-11-09 09:54:59.338,2460257.9131829,440
106.086785,33.085765,4.5445,3.9389,0.3149,10.629,16.29,1,106.002,32.780,20231109454074,662,8,2,29,3,zi,2503454092915,2503,250345409,1,o,2023-11-09 10:53:55.060,2460257.9540972,441
106.085786,33.089116,4.5445,3.9384,0.3159,10.6245,16.29,1,106.006,32.782,20231109489722,662,8,2,29,1,zg,2503489792915,2503,250348979,1,o,2023-11-09 11:45:18.417,2460257.9897917,442
106.062062,33.175041,4.5449,3.9273,0.4355,10.5117,16.28,1,105.809,32.796,20231110404433,661,5,1,16,1,zg,2504404441615,2504,250440444,1,o,2023-11-10 09:42:24.081,2460258.9044444,443
106.061084,33.177937,4.545,3.9269,0.437,10.5078,16.28,1,105.809,32.796,20231110434931,661,5,1,16,2,zr,2504434941615,2504,250443494,1,o,2023-11-10 10:26:19.284,2460258.9349421,444
105.954329,33.463664,4.5464,3.8912,0.3639,10.1154,16.24,1,105.963,33.828,20231113441690,662,12,3,46,2,zr,2507441704615,2507,250744170,1,o,2023-11-13 10:36:03.217,2460261.9417014,445
105.953251,33.465894,4.5464,3.8909,0.3621,10.1122,16.24,1,105.966,33.829,20231113464931,662,12,3,46,1,zg,2507464934615,2507,250746493,1,o,2023-11-13 11:09:30.720,2460261.9649306,446
105.95171,33.469059,4.5464,3.8905,0.2167,10.1076,16.24,1,106.080,33.658,20231113497755,1704,2,4,7,2,zr,2507497990715,2507,250749799,1,o,2023-11-13 11:57:07.229,2460261.9979977,447
105.951689,33.469103,4.5464,3.8905,0.2166,10.1076,16.24,1,106.081,33.658,20231113498461,1704,2,4,7,2,zr,2507498460715,2507,250749846,1,o,2023-11-13 11:57:47.827,2460261.9984606,448
105.91438,33.550355,4.5468,3.8807,0.1691,9.9918,16.23,1,106.082,33.647,20231114345926,1704,2,4,7,2,zr,2508345920715,2508,250834592,1,o,2023-11-14 08:18:08.904,2460262.8459259,449
105.914356,33.550402,4.5468,3.8807,0.1691,9.9917,16.23,1,106.082,33.647,20231114346400,1704,2,4,7,2,zr,2508346400715,2508,250834640,1,o,2023-11-14 08:18:49.501,2460262.8464005,450
105.911375,33.556193,4.5468,3.88,0.2835,9.9833,16.23,1,105.853,33.837,20231114405926,661,9,4,35,1,zg,2508405983515,2508,250840598,1,o,2023-11-14 09:44:37.547,2460262.9059838,451
105.91087,33.557161,4.5468,3.8799,0.1737,9.9819,16.23,1,106.087,33.651,20231114415961,1704,2,4,7,1,zg,2508415970715,2508,250841597,1,o,2023-11-14 09:59:00.124,2460262.9159722,452
105.910846,33.557205,4.5468,3.8799,0.1736,9.9818,16.23,1,106.087,33.651,20231114416435,1704,2,4,7,1,zg,2508416430715,2508,250841643,1,o,2023-11-14 09:59:40.828,2460262.9164352,453
105.907307,33.563895,4.5468,3.8791,0.2777,9.9719,16.23,1,105.853,33.839,20231114485729,661,9,4,35,2,zr,2508485793515,2508,250848579,1,o,2023-11-14 11:39:34.060,2460262.9857986,454
105.861757,33.653287,4.5473,3.8686,0.1907,9.8418,16.22,1,106.091,33.655,20231115413148,1704,2,4,7,2,zr,2509413150715,2509,250941315,1,o,2023-11-15 09:54:57.625,2460263.9131597,455
105.861731,33.653333,4.5473,3.8686,0.1906,9.8418,16.22,1,106.091,33.655,20231115413634,1704,2,4,7,2,zr,2509413630715,2509,250941363,1,o,2023-11-15 09:55:38.522,2460263.9136343,456
105.859435,33.657342,4.5473,3.8681,0.1913,9.8358,16.22,1,105.968,33.827,20231115454954,662,12,3,46,3,zi,2509454964615,2509,250945496,1,o,2023-11-15 10:55:09.407,2460263.9549653,457
105.548795,34.137815,4.5496,3.815,0.4616,9.0965,16.15,1,105.961,33.829,20231120386204,662,12,3,46,2,zr,2514386204615,2514,251438620,1,o,2023-11-20 09:16:08.867,2460268.8862037,458
105.546463,34.140761,4.5496,3.8147,0.4604,9.0917,16.15,1,105.955,33.830,20231120416042,662,12,3,46,1,zg,2514416044615,2514,251441604,1,o,2023-11-20 09:59:06.993,2460268.9160417,459
